,Var1
1-1,3.9556564850956795
2-1,6.3360033463301555
3-1,3.543942069003581
4-1,5.9970914748999089
5-1,11.302222767188303
6-1,9.7190343963176584
7-1,13.924986066875265
8-1,5.6360043749553252
9-1,2.5640933184776102
10-1,3.1476338721542674
11-1,6.9728354484005575
12-1,6.7208200877632764
13-1,9.5133815001614224
14-1,15.641733794094938
15-1,26.428965654433764
16-1,5.0120176277398363
17-1,6.8518415456160104
18-1,3.8157042100583611
19-1,3.5962731051633012
20-1,5.3643527569624458
21-1,13.037888331340968
22-1,5.0243498407543044
23-1,1.5706888014034348
24-1,8.2874797661120549
25-1,6.1648390545128908
26-1,11.399524172575831
27-1,7.071866359203816
28-1,3.5506977605982852
29-1,3.8598086956596638
30-1,5.5644654363985113
31-1,4.0021762536281908
32-1,2.5967699472361354
33-1,4.7857747599289633
34-1,4.8919192250890351
35-1,3.1168365367418858
36-1,5.040079243419779
37-1,5.3378885457088172
38-1,5.6768532672340726
39-1,4.0428634086498478
40-1,2.9870079099710356
41-1,2.6677561228522797
42-1,3.190340191036714
43-1,5.2679620109352641
44-1,4.5436364148133226
45-1,3.5311107887328701
46-1,8.0936937037332655
47-1,5.4612812934234141
48-1,6.0793282641601873
49-1,5.5892518008242762
50-1,9.5107751086946095
51-1,13.240810706078578
52-1,8.4587434114150462
53-1,6.4098763231740872
54-1,7.1734118356581007
55-1,4.2420016992465603
56-1,4.1685285011652198
57-1,3.208949022526947
58-1,3.1575841446326698
59-1,2.9150381878512559
60-1,2.4281964395217845
61-1,2.889438367092918
62-1,3.64208576232503
63-1,4.3563694577723835
64-1,2.8931925926740245
65-1,3.5987742049005478
66-1,2.6208415439097408
67-1,2.583312496220485
68-1,3.0004910835866889
69-1,2.0853781213692724
70-1,2.4578256986674543
71-1,1.4565990409984626
72-1,3.2459989855775024
73-1,3.0163908895173619
74-1,1.8723845077983856
75-1,1.2431418962319052
76-1,1.2561328358440309
77-1,1.7235084939656344
78-1,1.0338212837811458
79-1,11.802219734514605
80-1,3.02763078547108
81-1,2.1640201443856433
82-1,3.4877296192858758
83-1,4.6026363274252278
84-1,6.8188216192341198
85-1,5.5069993095486804
86-1,3.8106998418101501
87-1,3.2058325643072649
88-1,3.6177620750388857
89-1,2.120076672387337
90-1,3.5850605741001291
91-1,1.5999206129642287
92-1,3.4465213854703691
93-1,1.8130701651327576
94-1,1.8546461458795234
95-1,3.5860843877612107
96-1,2.5503016493190249
97-1,4.1980856747164035
98-1,2.3598380933169434
99-1,3.1583049281622579
100-1,2.9882985327553202
101-1,3.8231611221596125
102-1,5.4692836209482483
103-1,2.2440386039757878
104-1,1.7781726844993904
105-1,2.4002361202950704
106-1,4.2941431596184101
107-1,5.7772422466806601
108-1,3.1724651161306729
109-1,2.8561139604144201
110-1,3.1214559277931069
111-1,3.4011243746776021
112-1,4.6199880506174331
113-1,2.4261497621895831
114-1,3.4873843765335089
115-1,2.6314577117848734
116-1,2.8047373200932024
117-1,4.6967952105272763
118-1,5.3108867705138918
119-1,5.9315390611570757
120-1,6.6678524340620724
121-1,7.1181281333395132
122-1,4.2100647596230596
123-1,4.8102940148524294
124-1,5.1081085402660626
125-1,4.654936396074322
126-1,6.7183415915391862
127-1,5.6927722070484315
128-1,7.6829421056361751
129-1,7.4278223712288405
130-1,5.1568188097946202
131-1,8.0889247520192367
132-1,11.691055405564169
133-1,11.628083720281602
134-1,7.22771739170269
135-1,12.583339046943916
136-1,9.8367687047352561
137-1,23.186221083228038
138-1,10.996939483520871
139-1,7.1381894546015756
140-1,8.3646390711230012
141-1,15.205279456579829
142-1,9.2744264168050954
143-1,11.392645340970224
144-1,6.3798577026410408
145-1,19.618455506357737
146-1,6.4484384354642028
147-1,13.83847485898877
148-1,11.384492000511527
149-1,3.2036318122135565
150-1,5.3218425094845347
151-1,7.0323162560192367
152-1,5.7075409253758105
153-1,5.9478470476037328
154-1,9.6473295006699775
155-1,8.0428207820991968
156-1,6.4471152621547594
157-1,8.3976541686558122
158-1,5.0254780111631394
159-1,6.360725534732226
160-1,5.9996990796015179
161-1,7.4078738061745861
162-1,4.4014128273897741
163-1,3.769964769103757
164-1,3.7320596697021777
165-1,2.8324776585572251
166-1,3.9102499346843702
167-1,3.5305564245146961
168-1,4.3629378785717376
169-1,9.0531451792775801
170-1,8.1977637220877781
171-1,3.272307816242654
172-1,5.7311932604926676
173-1,8.4300192810786232
174-1,5.2975008900386458
175-1,4.9408979146353076
176-1,8.3884345733861743
177-1,7.1988230369596602
178-1,13.893462064478642
179-1,15.588906499812786
180-1,12.282217999833149
181-1,26.712701713252386
182-1,36.33500315208309
183-1,5.937205717248669
184-1,5.1236682337619035
185-1,6.3896331948194609
186-1,3.7553318425778488
187-1,5.0881795954193594
188-1,15.366997714830353
189-1,10.59438023301727
190-1,8.9929133764044504
191-1,8.0687458004702997
192-1,17.830711840694605
193-1,33.537966555423779
194-1,14.931711489510743
195-1,49.762279691004295
196-1,26.211826263481516
197-1,56.839814345067801
198-1,22.6467666346817
199-1,37.274101453028415
200-1,25.694277319111254
201-1,45.916376738665214
202-1,20.942023804268977
203-1,24.725137049863072
204-1,26.619752600535001
205-1,8.2825021375204404
206-1,46.13207242849807
207-1,35.824661686813819
208-1,31.505210916253922
209-1,21.446543600400513
210-1,40.294220098470952
211-1,25.941353418277174
212-1,24.243892041775005
213-1,8.0336665016956168
214-1,11.847180699130982
215-1,9.4234633924929874
216-1,16.911235300452553
217-1,14.042729071549367
218-1,21.81079518765354
219-1,29.495462548124056
220-1,18.322703473501733
221-1,66.64611207026131
222-1,31.188671441425896
223-1,41.053702883287755
224-1,18.557434928761616
225-1,11.270658896965486
226-1,36.036195818909448
227-1,52.388423911956892
228-1,23.389900637436696
229-1,30.088677113415731
230-1,20.588781817845383
231-1,5.9640775394752907
232-1,17.557689521505775
233-1,18.652652570337665
234-1,43.686542081707664
235-1,51.104738394741801
236-1,36.049860126305489
237-1,23.623402736409176
238-1,18.922166989521184
239-1,15.784811681817482
240-1,15.331874212562825
241-1,27.085686700813717
242-1,12.603744002681397
243-1,15.137509195144585
244-1,15.774632533001158
245-1,14.104296650363072
246-1,13.460091693248277
247-1,12.940308625194277
248-1,13.598478916937955
249-1,1.5704313392602491
250-1,2.2468559563926043
251-1,4.0210283480192244
252-1,7.7459958636435866
253-1,3.217698421242448
254-1,5.2685450945742822
255-1,7.5979139359903183
256-1,7.230853952972045
257-1,8.9154853945829267
258-1,12.727022613373032
259-1,11.440802437066173
260-1,4.6069341162967312
261-1,11.90964556885532
262-1,7.4309916616599914
263-1,12.199389766265361
264-1,13.624764336116495
265-1,14.950312179070076
266-1,15.836496891675228
267-1,20.38530024555272
268-1,21.437336071585136
269-1,14.558923601766317
270-1,10.740371278452113
271-1,13.104288501955747
272-1,14.830694708960795
273-1,6.9190332168827489
274-1,9.0326429703489453
275-1,7.0471101029809082
276-1,6.0746389784818211
277-1,10.726895939862777
278-1,8.300079605839354
279-1,5.6582055909878077
280-1,9.7842597256074804
281-1,8.6432443729100203
282-1,10.164970406468917
283-1,6.325264363839894
284-1,9.9014685460379575
285-1,7.3005205957822152
286-1,7.2583052451404813
287-1,7.3476505214820644
288-1,5.5585822525465591
289-1,8.6780952549594481
290-1,9.7891379914876584
291-1,9.6597425213039685
292-1,9.8249998845297082
293-1,6.5811598477972995
294-1,9.312274398510068
295-1,6.8838506168548932
296-1,8.0740540216183394
297-1,14.543172826155997
298-1,8.7097780952489412
299-1,12.219446812884197
300-1,8.0770772805952351
301-1,8.7264544483363338
302-1,8.9064128412326209
303-1,10.623054660650263
304-1,6.443041952453572
305-1,13.122280126726976
306-1,8.9142781668019193
307-1,9.9353931538084481
308-1,9.6173525416725365
309-1,8.0222614129455074
310-1,13.121265992414862
311-1,10.120837899088084
312-1,12.508565819015452
313-1,7.6119966733806672
314-1,4.4184954118287187
315-1,2.5048509084764778
316-1,5.0009157874133106
317-1,5.242641158249552
318-1,6.1027462316333594
319-1,6.4320164723590834
320-1,5.4481978950274135
321-1,3.9965364362867115
322-1,2.9075945534979986
323-1,3.7213916492760855
324-1,7.409395271233767
325-1,6.6718250165005877
326-1,5.6956572183497958
327-1,5.1613721737443257
328-1,6.4494984007710707
329-1,10.122575068671116
330-1,5.3194943388868481
331-1,5.3668368139511138
332-1,16.135946728742891
333-1,11.353367241856819
334-1,6.9799372453747042
335-1,29.880126364944221
336-1,5.0325195667707323
337-1,10.759146435683027
338-1,7.9817118691658449
339-1,7.1060444785143035
340-1,8.7923845855671328
341-1,9.9617877710675806
342-1,9.9951796031817146
343-1,8.6836084449253956
344-1,6.9340008710724321
345-1,8.5445516697505326
346-1,5.1973129097130073
347-1,5.5998047771080879
348-1,9.2897082743550463
349-1,5.0898652178833146
350-1,2.9963092591941121
351-1,5.1043904427755553
352-1,8.5406647228323695
353-1,12.279269925150729
354-1,7.7285197189402126
355-1,4.2205052936312155
356-1,6.5208055244413829
357-1,5.8961929517512059
358-1,2.9020517913838497
359-1,3.9378996729987827
360-1,5.607056008760849
361-1,4.0768171727677007
362-1,3.3900375648077423
363-1,7.1407714277151095
364-1,6.0403551993130353
365-1,5.2365284193193702
366-1,6.0338192587182036
367-1,3.5700161833437591
368-1,6.8231456738071872
369-1,4.3894195912008351
370-1,4.7983829633161985
371-1,5.2012905512769017
372-1,6.8876415148532946
373-1,5.3837575600406851
374-1,5.084019662034958
375-1,5.7986774440153415
376-1,6.1119623746076268
377-1,7.1588782230546872
378-1,5.2444809216791048
379-1,4.3338797888441114
380-1,4.2308752509868119
381-1,3.686217560056114
382-1,3.2084261225493207
383-1,6.5824997916855725
384-1,5.9850382239310314
385-1,5.8871612591342366
386-1,5.2656955650655428
387-1,3.860342855526413
388-1,3.082764143695456
389-1,4.368708007469583
390-1,2.1137137334611373
391-1,4.657827738310341
392-1,19.31441345079924
393-1,8.4468997306764066
394-1,2.6208887548699686
395-1,4.9702673972473335
396-1,4.8755094572398612
397-1,3.4908411016039795
398-1,2.5656053354771529
399-1,2.4406484335738123
400-1,5.575841819969507
401-1,2.9382682800449684
402-1,4.8717278675939699
403-1,3.1541215086553951
404-1,2.8170237434053464
405-1,4.2525249464390384
406-1,2.32845502914512
407-1,5.7354052349315321
408-1,3.7640511196269144
409-1,2.5516681268029826
410-1,5.113290134990212
411-1,1.5649213349505882
412-1,2.2853873456111895
413-1,1.8249511946392314
414-1,2.0442439407966928
415-1,3.795343683035195
416-1,2.8767313917383754
417-1,2.7950544986255155
418-1,2.8420880818411334
419-1,1.4945380257524594
420-1,1.8026343116842016
421-1,4.9841064497991265
422-1,3.5091012574531737
423-1,3.3028472670401179
424-1,2.7135213741842703
425-1,1.5402026458621008
426-1,6.4401256739331059
427-1,1.9262021099042081
428-1,2.4334259674636805
429-1,3.4676540349798879
430-1,3.3041538281132432
431-1,1.8546235505933122
432-1,4.6255515954505286
433-1,2.2462829640278468
434-1,2.7082277556335899
435-1,1.1779944910532849
436-1,1.7976422583199485
437-1,4.1223901419088813
438-1,4.0294522350976241
439-1,1.9822669050724235
440-1,2.2494196883235404
441-1,4.1611103749985965
442-1,2.9912853339012608
443-1,1.9090077602949518
444-1,2.1452833319125113
445-1,2.5948941430941463
446-1,3.291133437559544
447-1,2.8599652978357599
448-1,2.9824643960376784
449-1,1.6423154896318846
450-1,2.2100065148400154
451-1,2.0384071345893733
452-1,1.2664387815663651
453-1,2.8229949237387055
454-1,2.2574196944849092
455-1,2.3690232405175204
456-1,3.0610381523167214
457-1,3.5325206787599823
458-1,3.2634543090232837
459-1,2.9677945312800542
460-1,4.6939870778842554
461-1,3.698963172863754
462-1,4.147241125228172
463-1,5.1471315422254715
464-1,9.9548216191926464
465-1,5.4775150952019356
466-1,3.8696985227326253
467-1,5.6130767772194714
468-1,5.6600671200914334
469-1,2.4190263865181065
470-1,3.3750844227656107
471-1,1.5257985518849568
472-1,2.8780332308160244
473-1,1.1534104960045886
474-1,1.2524999296442043
475-1,1.4692440028188596
476-1,1.7666606595163654
477-1,2.6770227060108756
478-1,2.9618737708528071
479-1,0.79622404654163825
480-1,2.3412259116456799
481-1,1.0699292054044356
482-1,3.3330872673288816
483-1,2.420802968406206
484-1,0.81951571363310016
485-1,1.0710370839833947
486-1,1.6266495276435775
487-1,4.8568939827949267
488-1,1.9996106098655841
489-1,2.2663642152642169
490-1,2.0272691322943772
491-1,3.1888595887145414
492-1,2.6440707077599823
493-1,1.2610367661414446
494-1,1.3849593985995077
495-1,1.482711558428103
496-1,2.2269213362784011
497-1,5.1140453177139182
498-1,2.6094042935007558
499-1,1.8001422624689543
500-1,1.8770996500256274
501-1,0.87301388433966687
502-1,1.2616337924572183
503-1,1.0872257154811258
504-1,0.95546604454607686
505-1,0.82449020482839674
506-1,1.7620502627385368
507-1,2.4329478507241986
508-1,1.5444200671153965
509-1,1.8378220607810507
510-1,2.1867328481194086
511-1,1.2591477907890622
512-1,3.8755981191799584
513-1,2.2640697311609981
514-1,1.3681521473640992
515-1,3.108654030434749
516-1,3.0291890127107526
517-1,4.4395452696984847
518-1,5.9281867805809174
519-1,3.8377150025180806
520-1,2.6865642958917686
521-1,2.768432797359329
522-1,1.3467405038011886
523-1,4.6063839674967699
524-1,4.3017659896729468
525-1,2.6613134784772567
526-1,3.3208997213330953
527-1,1.8295880896254526
528-1,3.8910417180890176
529-1,7.1019044150930659
530-1,2.9285375578460586
531-1,2.7931037477221432
532-1,1.7979253901721253
533-1,1.8409245401489565
534-1,1.1728080846265792
535-1,1.785049662151204
536-1,1.8538121886694141
537-1,0.75657880539931444
538-1,0.81006155421164971
539-1,2.0037296727550085
540-1,1.9772027278627211
541-1,1.182671183523363
542-1,1.8752080447702322
543-1,0.91106315636498569
544-1,1.5913958893966773
545-1,1.1476622585253373
546-1,1.0175775247190835
547-1,1.222599962900945
548-1,0.76508047826318981
549-1,1.11123432299049
550-1,1.8067123225877053
551-1,1.3525309767737597
552-1,1.275193579517788
553-1,1.2004211449743394
554-1,1.5945058451810297
555-1,3.3845956553699086
556-1,1.4025738058509911
557-1,1.629773801389389
558-1,0.94291425219758573
559-1,2.3544772925744439
560-1,1.4125114421397273
561-1,3.3477937831717579
562-1,2.7769979968840177
563-1,1.1727155853670854
564-1,1.4005757172481699
565-1,1.1164606486293849
566-1,1.6342279920493024
567-1,1.3829955300136716
568-1,1.0218417592141125
569-1,1.626271149851956
570-1,2.2487382260935478
571-1,1.0403052076053294
572-1,1.4427244758547921
573-1,1.4371393594402673
574-1,1.171195389969335
575-1,0.94737070935492895
576-1,1.6082687135891642
577-1,3.6606530225512328
578-1,1.68802383545295
579-1,2.5958444946928578
580-1,2.1637507700614007
581-1,5.0387539198741491
582-1,2.3849138073494571
583-1,2.4238214830917557
584-1,2.4668290758800535
585-1,2.6669427241882042
586-1,1.1355186628159268
587-1,2.1607871587282848
588-1,2.1937765893488819
589-1,3.7569604452341756
590-1,5.6892724210189529
591-1,27.714002223349425
592-1,17.60517794643291
593-1,4.4905666214000979
594-1,4.599365652868264
595-1,1.5487920498469809
596-1,3.273955394134084
597-1,4.2989326902021716
598-1,5.6835116793917013
599-1,4.1879317746701394
600-1,7.4354262252578298
601-1,6.1035543959751593
602-1,6.8602141528527882
603-1,2.9508098678515506
604-1,6.5774930959199258
605-1,3.6464275204240253
606-1,2.7499361889542269
607-1,3.422903543929062
608-1,3.1774879128832545
609-1,2.7751284926743569
610-1,2.2052837325616292
611-1,2.7699081926608091
612-1,3.8631745816543739
613-1,5.5428751450784723
614-1,3.1807947028933348
615-1,2.1694309030644385
616-1,2.5587171641045883
617-1,1.941677099499429
618-1,1.0874126085480247
619-1,2.1152723364525872
620-1,1.5041937051474805
621-1,1.4001397113604297
622-1,1.4798338736617782
623-1,2.7805278901234107
624-1,3.8025965338023533
625-1,3.8647784877948501
626-1,3.3827168889733645
627-1,1.7497056564864029
628-1,5.412678092845665
629-1,3.7854267067970149
630-1,6.3136770568527316
631-1,3.3578416776201325
632-1,3.1770837035666495
633-1,3.2119290375122573
634-1,1.9194734694670799
635-1,1.8657788188556794
636-1,2.4234249103999179
637-1,1.5587490448871157
638-1,1.3989253011715674
639-1,2.6058538271392018
640-1,3.2304032854265663
641-1,2.2724662060415461
642-1,4.2908788055450984
643-1,4.6862888031870185
644-1,8.8508017446435723
645-1,2.4162089886841112
646-1,1.2988668801148244
647-1,1.8744748745255757
648-1,1.3778043157055528
649-1,2.1739062248441372
650-1,3.7393195462771152
651-1,1.5178925792175217
652-1,1.2467126251109271
653-1,1.2996220544708443
654-1,1.0639061751677905
655-1,1.7468777381097489
656-1,1.9991276538627447
657-1,1.4158576268682674
658-1,2.6047551262842457
659-1,1.3089622340701088
660-1,0.73449163118911442
661-1,1.1083002225592598
662-1,2.0152910934821024
663-1,1.9977502535805269
664-1,2.9250544593157644
665-1,2.309924076470101
666-1,1.4454427252059017
667-1,3.1188782775699955
668-1,2.7503181701240251
669-1,2.0973322752155901
670-1,3.2569371852466968
671-1,1.5350671681113208
672-1,3.0399444307394181
673-1,2.422499981446093
674-1,1.4677059948638869
675-1,1.5409971617523777
676-1,1.2477224982096429
677-1,1.1207475584147406
678-1,1.6020324182332601
679-1,1.5654619584295189
680-1,1.473301332582633
681-1,1.7040512594265722
682-1,1.0224505435134208
683-1,1.2176276117310465
684-1,0.85089531722877809
685-1,1.0106554925769822
686-1,1.5995240467397509
687-1,2.0269701199277139
688-1,1.4361114736539955
689-1,1.9664912421320833
690-1,0.76868292056557808
691-1,1.7062974669547988
692-1,1.4894696967034073
693-1,2.7517142718005037
694-1,1.906024136339336
695-1,2.0365537359958159
696-1,1.2840578952392609
697-1,1.4846998716665925
698-1,1.1727617231303982
699-1,1.6043620044759344
700-1,2.1859902339500685
701-1,4.4304294784452978
702-1,1.3143295810964191
703-1,1.7350885006777694
704-1,1.2152459597793661
705-1,1.205390364678427
706-1,1.9366619526405118
707-1,1.7099070514263568
708-1,2.1486698905293338
709-1,3.6008041287130554
710-1,1.389495528278917
711-1,1.4027165933482872
712-1,1.6531628107633398
713-1,1.0824466930735503
714-1,1.6033211398861684
715-1,2.0365773487355354
716-1,1.5160509153399142
717-1,2.6061150283848797
718-1,2.0673293432730233
719-1,2.9634146525329679
720-1,1.8628967276606521
721-1,1.5835558483579502
722-1,2.6587595852540513
723-1,2.0464090733461138
724-1,1.9758632464910122
725-1,1.7599561431078392
726-1,2.1542704200593064
727-1,2.1378918826982187
728-1,1.8376869877952973
729-1,1.2110975302442197
730-1,2.1698447239953644
731-1,1.6621798078206076
732-1,1.6161962347757868
733-1,0.56005840195002166
734-1,2.6097552335368372
735-1,2.2254103871195574
736-1,2.6177704503856725
737-1,3.8840529302872673
738-1,2.1730503194773672
739-1,1.0063880726666607
740-1,1.27752375189524
741-1,1.4218182006954265
742-1,1.2332594241428989
743-1,1.7852693297627047
744-1,1.8897054668866009
745-1,1.4099703242258237
746-1,1.4465559717783445
747-1,1.6641561473988076
748-1,0.95815040029876009
749-1,1.4585771510651158
750-1,1.2705010425603043
751-1,0.72710482419075517
752-1,0.72742450115883783
753-1,0.97386113567167132
754-1,0.80386672255908254
755-1,0.46105511705649554
756-1,0.62254723569753556
757-1,0.97724393317837133
758-1,1.9354484796675384
759-1,1.1876353629722176
760-1,1.7733168124382699
761-1,1.0213697643622259
762-1,3.3433737828338157
763-1,1.9945697142276231
764-1,1.7527528178253764
765-1,1.9728128078049449
766-1,0.71353288279973037
767-1,1.0054061941160335
768-1,0.94584019385232976
769-1,1.3708984695408293
770-1,1.7257477435289581
771-1,0.97080937426985403
772-1,1.1791166872516732
773-1,1.7655797019610679
774-1,2.3992528906474098
775-1,4.16101441345974
776-1,2.9113484963697807
777-1,3.9028315073023676
778-1,1.4213934969992041
779-1,1.1694741767273562
780-1,1.5729362358641408
781-1,2.1276865380987422
782-1,1.1580207417689929
783-1,1.076537538532705
784-1,1.1523234821502475
785-1,0.73975454130850737
786-1,1.1254973501308958
787-1,2.2057397106663212
788-1,1.2760596387021832
789-1,1.5562183106646759
790-1,0.93818593964253549
791-1,1.581825343784925
792-1,1.8148993771604387
793-1,4.0398226976229088
794-1,3.7663980785278182
795-1,1.9244373025910488
796-1,1.8460612244088035
797-1,3.774858105394796
798-1,1.4641338433021067
799-1,1.1735034671101068
800-1,2.2387906919555629
801-1,6.3372934514387156
802-1,1.1161935212114198
803-1,2.514104316208007
804-1,6.637765444063521
805-1,3.9197577798086605
806-1,2.6622997381499265
807-1,3.7341620788886427
808-1,3.338270869558003
809-1,1.8717156812595621
810-1,2.4946733526532561
811-1,0.82709552177055323
812-1,1.6014263637924917
813-1,2.9320255577633505
814-1,3.6582296903232763
815-1,2.076499128066938
816-1,1.6124216040845654
817-1,2.8801355601778522
818-1,1.0048216781298775
819-1,1.0239164657617019
820-1,1.0070188721984734
821-1,1.0159628199315736
822-1,1.5360384517861161
823-1,1.611400686042149
824-1,2.3466247532886513
825-1,2.1310053335880843
826-1,2.1753007986268664
827-1,3.2909641991668508
828-1,1.3294090901070805
829-1,2.4497567407284233
830-1,1.5726496263154179
831-1,2.7285481078522604
832-1,1.1740735235675726
833-1,1.2317895167183852
834-1,1.0670504216399359
835-1,0.51715852868651879
836-1,2.9096045614589872
837-1,2.1595700317509876
838-1,8.0398688448592264
839-1,1.7355952727373296
840-1,2.9193141122900936
841-1,0.97229543165191901
842-1,1.8699707078819578
843-1,1.8122062851564789
844-1,2.7314321684010929
845-1,0.95841415946729025
846-1,0.5805734401660404
847-1,1.3214708559391681
848-1,1.3375930540642533
849-1,1.1414229930550042
850-1,0.77476961462905602
851-1,1.2771503827641739
852-1,1.7739933571294046
853-1,1.9591447929786916
854-1,1.454988087081341
855-1,1.7408681864532605
856-1,0.85616028845940895
857-1,1.1369670363192006
858-1,0.83824023027118344
859-1,0.49513906779855893
860-1,0.68188976170433846
861-1,0.93844629292312398
862-1,1.7361837364815278
863-1,1.6026759551697503
864-1,2.1147966434524066
865-1,0.76961818853750907
866-1,1.4037056708534055
867-1,0.60988133058839877
868-1,1.2522628537903999
869-1,1.3849707399926867
870-1,1.1201148500649434
871-1,1.5469103640004285
872-1,1.4715446951338433
873-1,1.1788608278260402
874-1,1.1110677630535761
875-1,1.141928289552173
876-1,1.0351741060944963
877-1,4.1789744454428934
878-1,1.6158437227323388
879-1,0.88753952027324701
880-1,1.0129581313576901
881-1,1.1700993994476827
882-1,0.83790281842997971
883-1,1.0365918033278256
884-1,1.3265770622964572
885-1,1.2167333956640052
886-1,2.0933531977107673
887-1,1.1550517297926495
888-1,1.4318998114168953
889-1,2.2139674331498114
890-1,1.7039081935873492
891-1,2.4325622630287169
892-1,1.5594745967070986
893-1,1.6838452016118319
894-1,0.6792127468928173
895-1,2.1774778817253471
896-1,1.1383982829591275
897-1,1.2972526337380688
898-1,0.80092878781733279
899-1,1.3834845296325062
900-1,2.9114190636220063
901-1,3.1934754987173486
902-1,13.032015236981529
903-1,3.1267691744363884
904-1,2.1606544501069207
905-1,5.425128558471223
906-1,3.5226069854107704
907-1,15.861466688564409
908-1,11.759362947528917
909-1,25.680139560323688
910-1,10.37087846914851
911-1,7.489542507524094
912-1,5.5652392162946906
913-1,1.5504539372792385
914-1,3.2667770010101105
915-1,3.572840406798381
916-1,10.573107481388417
917-1,8.0151879261299683
918-1,5.4053770806412569
919-1,4.1786674708892075
920-1,4.2167131967138571
921-1,6.1936915870804343
922-1,6.5484821223719063
923-1,1.9285641229622958
924-1,2.7255205476115814
925-1,4.1610141503005096
926-1,2.2085878112431456
927-1,1.9661073533292646
928-1,4.4833291371881598
929-1,2.0215152380422099
930-1,4.5175752413836641
931-1,4.7529705453456952
932-1,6.9503364403246302
933-1,4.0022321078738496
934-1,2.9871009279560461
935-1,2.2494001836091586
936-1,2.2479292357765335
937-1,3.3694389361431742
938-1,4.2973245762770818
939-1,4.149686852037421
940-1,11.535669029136738
941-1,6.636350926427566
942-1,6.4088844994527436
943-1,3.8180834003203219
944-1,4.6033727776541697
945-1,9.8809429454825146
946-1,8.546217698185103
947-1,8.3439626561856937
948-1,11.639349801660508
949-1,6.2997757903903695
950-1,4.646843496052484
951-1,6.9601549094456621
952-1,4.5363437905034969
953-1,3.1609443001056974
954-1,2.5397627109464915
955-1,3.8607607634668502
956-1,1.6451370302429356
957-1,3.0218665137698251
958-1,5.0481738391269868
959-1,3.8423449278418289
960-1,4.0572210754606619
961-1,2.8289250961702099
962-1,2.3440361705865591
963-1,2.8837703006476252
964-1,4.2346668159187857
965-1,4.3528304579965598
966-1,2.5159530399651842
967-1,2.4450263019340133
968-1,5.145549831349161
969-1,2.356473065317394
970-1,2.3993086931469279
971-1,6.7397528913468987
972-1,2.0664057382302352
973-1,3.3974475437282612
974-1,3.081521692088518
975-1,2.681291432345823
976-1,1.145180341081697
977-1,1.9331113848161554
978-1,1.795580781430365
979-1,2.2447711780652289
980-1,3.4340455445434754
981-1,1.3094863959333471
982-1,2.245236750861618
983-1,3.1132962072213788
984-1,2.4848786648549313
985-1,1.4719778243624899
986-1,1.8536347747712023
987-1,2.6269886924071582
988-1,1.3691292907292389
989-1,1.4281651173926329
990-1,1.1957286395993654
991-1,0.68570120967150994
992-1,1.8568187036376675
993-1,1.2530201700646717
994-1,2.0229822294073898
995-1,2.3668388390941684
996-1,1.4963353509956527
997-1,3.6010884285333358
998-1,3.0383540524781618
999-1,1.3559274029794204
1000-1,1.2866762820703836
1001-1,1.8362600534316156
1002-1,1.5763176585804031
1003-1,1.1984568824592903
1004-1,1.0738451589630977
1005-1,0.39779257133637319
1006-1,0.97637111570299007
1007-1,1.1960435947216996
1008-1,0.72548750491432246
1009-1,0.52857863094901658
1010-1,1.4455123651460204
1011-1,2.2245543351954584
1012-1,1.8651627210017299
1013-1,0.78832316327575525
1014-1,0.91518464801305111
1015-1,1.1457613733916556
1016-1,0.98597557509679368
1017-1,0.85506640239475262
1018-1,0.93644179796342619
1019-1,0.43682961459420439
1020-1,0.88201411482095993
1021-1,0.60459044373908644
1022-1,0.63178270927959956
1023-1,1.4494491158171272
1024-1,1.0237689856128607
1025-1,0.9997168053896921
1026-1,2.6020266007435122
1027-1,4.5473514555712633
1028-1,1.1527062104376371
1029-1,1.0191136455683687
1030-1,1.0295646699938192
1031-1,1.2882038150694415
1032-1,0.5359531422720416
1033-1,0.52984847444528593
1034-1,0.83309991302334163
1035-1,1.1021511726441915
1036-1,0.93562580046370636
1037-1,0.62159091569902736
1038-1,0.59697288861261955
1039-1,0.71489569208431658
1040-1,0.59234454359244848
1041-1,0.71616109568129971
1042-1,0.82524915658881592
1043-1,1.1391880135274302
1044-1,0.98280631254150652
1045-1,1.1033860933357762
1046-1,1.0456091511851162
1047-1,0.76032197753184605
1048-1,0.68400246291221078
1049-1,1.0567711929370593
1050-1,0.70949619651952278
1051-1,1.0494751301818066
1052-1,0.85047514225898857
1053-1,0.95440660155198875
1054-1,1.2989765224776859
1055-1,2.0742529981895506
1056-1,3.3304195304894684
1057-1,1.0525684435869127
1058-1,0.71766244088622466
1059-1,0.86303575374578712
1060-1,0.2754158155298011
1061-1,0.85437771142324559
1062-1,0.81883350165286384
1063-1,1.088906109073116
1064-1,0.73604423061729751
1065-1,2.0303521252588284
1066-1,1.6767344800968964
1067-1,1.0712636326304288
1068-1,0.60403214908528013
1069-1,0.72222008850457786
1070-1,1.1282058350547857
1071-1,0.62710660962311804
1072-1,0.82072995062877518
1073-1,1.2930757674045537
1074-1,1.2745904852223171
1075-1,0.67957441782458661
1076-1,0.67308836653316739
1077-1,1.9666535587137006
1078-1,0.98969447147566181
1079-1,1.2979775169712278
1080-1,2.0754041964886265
1081-1,2.8637404488190921
1082-1,2.4676940868966777
1083-1,2.3968750577771996
1084-1,2.7685950301357032
1085-1,1.5767848477002346
1086-1,2.0747604725345501
1087-1,4.2646209895890772
1088-1,1.3865026480720117
1089-1,1.2815732286261301
1090-1,8.7355116906367112
1091-1,2.0760892779906261
1092-1,2.0806083615987796
1093-1,2.3218065048655072
1094-1,1.2622058382323558
1095-1,2.0323379203684304
1096-1,1.2910686859174731
1097-1,4.203365961319756
1098-1,3.7761182177763954
1099-1,1.3627724286419374
1100-1,1.4782974498529817
1101-1,1.7650500086331242
1102-1,2.0502035231871396
1103-1,1.7526088619342841
1104-1,2.1511576442286446
1105-1,3.9680718237846921
1106-1,2.9509344105022111
1107-1,5.6193412148162576
1108-1,2.5001861029190269
1109-1,3.471869403359308
1110-1,1.6319643512976898
1111-1,2.1263487247007058
1112-1,1.7267165862540454
1113-1,2.4716557462596449
1114-1,3.5398256246303097
1115-1,3.4417999591631658
1116-1,2.6706424042974444
1117-1,1.5065492860817937
1118-1,1.8807825944077807
1119-1,2.124204634683486
1120-1,2.4183700463903284
1121-1,4.6897779771228381
1122-1,4.007011579399089
1123-1,3.2558845816132012
1124-1,1.6384563334390714
1125-1,2.9333205838333853
1126-1,1.3370283039314883
1127-1,2.0132171705598334
1128-1,2.5032067102983833
1129-1,1.4572590099709426
1130-1,2.5223216663599084
1131-1,1.320489535205132
1132-1,1.2855492507391804
1133-1,2.6283431306121692
1134-1,0.67423967900607273
1135-1,3.5274499799001831
1136-1,1.1054007318616101
1137-1,1.0309733987907566
1138-1,1.1685042876886562
1139-1,0.9568243655142985
1140-1,1.8085601505065165
1141-1,1.4160189960564493
1142-1,2.0831193744268139
1143-1,1.7037925405314231
1144-1,1.0516556722716168
1145-1,2.2039656446891751
1146-1,2.208869074084431
1147-1,2.0006603827245719
1148-1,4.2091651848470972
1149-1,2.8422149167203319
1150-1,3.1797817170629799
1151-1,1.7417136291110769
1152-1,3.2408715399531021
1153-1,6.9524429753559867
1154-1,1.6730708135951469
1155-1,2.0692842563839067
1156-1,2.1286781332646836
1157-1,5.6063520229424633
1158-1,1.6934228741150945
1159-1,1.2040451319055845
1160-1,2.5803021792257983
1161-1,0.83502492419291463
1162-1,1.1366297400977043
1163-1,0.66747502469943187
1164-1,1.3937962017577596
1165-1,0.57101688995361555
1166-1,3.4796325186758446
1167-1,1.2332829432898651
1168-1,0.5517467234990292
1169-1,0.57074136977751422
1170-1,0.64689464247284145
1171-1,0.48038601282456483
1172-1,0.66455551594436046
1173-1,1.3305466916245161
1174-1,0.63936814088752558
1175-1,1.1812439131135406
1176-1,0.60522086409569598
1177-1,0.74253026639744402
1178-1,2.1310937554818352
1179-1,0.78802504492296221
1180-1,1.4114045045011303
1181-1,1.0764616886149605
1182-1,0.84222472897590239
1183-1,1.1090759739061289
1184-1,1.0498637538110942
1185-1,0.90341633173942604
1186-1,1.0070569575410189
1187-1,1.1973832709645564
1188-1,2.5017284286976507
1189-1,0.78383083425275779
1190-1,1.2297465002621617
1191-1,1.9968088779967024
1192-1,0.65826747374673056
1193-1,0.41700422967097311
1194-1,0.86146115997069417
1195-1,1.1048570533651829
1196-1,1.0225669435409626
1197-1,2.2159476853446378
1198-1,1.4203786451071205
1199-1,1.4380073885846807
1200-1,1.2390300103136649
1201-1,1.6287693278893813
1202-1,0.93151795233279544
1203-1,0.92363656409563588
1204-1,1.7146331224657789
1205-1,2.1177601467642964
1206-1,0.65975560948765199
1207-1,0.93142691217718709
1208-1,0.50855002434246777
1209-1,1.2922305113446158
1210-1,1.2042631881376615
1211-1,1.5160262431325191
1212-1,2.1523803170247371
1213-1,1.1546952014689869
1214-1,1.7616863336355111
1215-1,0.6918157422102067
1216-1,1.9478337295577723
1217-1,1.6854613718006775
1218-1,2.6497676393798093
1219-1,2.3808150701587358
1220-1,2.7247992641708145
1221-1,0.62036102115361247
1222-1,0.87068842785909006
1223-1,2.1926510297163309
1224-1,1.012178223661111
1225-1,1.2195450174432343
1226-1,0.83645410998589897
1227-1,2.1010525492972101
1228-1,2.8081969654788255
1229-1,2.7640259212822014
1230-1,2.129556813067818
1231-1,3.1415769832486693
1232-1,1.555811519895034
1233-1,0.78045903230778968
1234-1,1.0910878616171726
1235-1,1.3724911362708503
1236-1,1.6584088813401054
1237-1,1.8334218376310338
1238-1,2.2223810351103355
1239-1,1.838438206403965
1240-1,1.2618124683516521
1241-1,1.031445078905266
1242-1,6.6148909492346055
1243-1,3.633272418412695
1244-1,1.6708322981715056
1245-1,1.6834860194136656
1246-1,0.50896769954070942
1247-1,1.2903650043257799
1248-1,2.0372860308305958
1249-1,2.2183597239867661
1250-1,1.9514461103074785
1251-1,1.2834243016978075
1252-1,0.62720392612572406
1253-1,1.1695512790723819
1254-1,1.2631343014568421
1255-1,0.8915927157591802
1256-1,1.2480939740845924
1257-1,1.7208785523389156
1258-1,1.0565827124216312
1259-1,2.0692020865730822
1260-1,1.5321456073232294
1261-1,0.67554415255662037
1262-1,0.76542257364950872
1263-1,0.51734755452255599
1264-1,1.0189085602678027
1265-1,1.6277194351946485
1266-1,0.86584463720645954
1267-1,1.4365106934202518
1268-1,0.48236007058591762
1269-1,1.1218338825083565
1270-1,0.68956849993123981
1271-1,1.2053073590310388
1272-1,1.2273141865605046
1273-1,0.68677067885367193
1274-1,1.435793137687182
1275-1,1.1694022010282517
1276-1,1.4321282928129233
1277-1,1.2037423710364605
1278-1,1.1673201790489749
1279-1,0.90528239209700068
1280-1,1.1042662973815185
1281-1,0.71986777685503545
1282-1,0.8462291556950241
1283-1,0.7287188077048169
1284-1,0.68247833932954893
1285-1,0.67918992634061648
1286-1,1.1260499284956114
1287-1,0.55976599432354246
1288-1,0.36448166906371693
1289-1,0.87142476964156312
1290-1,0.23882674952711638
1291-1,1.420996662691425
1292-1,0.54143993142703095
1293-1,0.79398299686141371
1294-1,1.3774352021174423
1295-1,0.72470115432167559
1296-1,1.2068093985250736
1297-1,1.1663756375280321
1298-1,1.6215626723081422
1299-1,0.80214845858594652
1300-1,1.9733530466516744
1301-1,1.1020592732702861
1302-1,0.88984603760594294
1303-1,0.41117699648663192
1304-1,0.87435332064856652
1305-1,1.5166089085948022
1306-1,0.25859700378421724
1307-1,0.35164407476624165
1308-1,0.36827559854548486
1309-1,0.99065701538561668
1310-1,0.31510135390852145
1311-1,1.0191003962409992
1312-1,2.0226192596775978
1313-1,0.63983894785088979
1314-1,1.2673216512013701
1315-1,0.55555406191280665
1316-1,2.0257741328936407
1317-1,0.74808146345670479
1318-1,0.86933539416165206
1319-1,0.8466932611649538
1320-1,0.42632869318034489
1321-1,0.73242933416124367
1322-1,0.98495790681351958
1323-1,0.88125777154450091
1324-1,1.5568271441111301
1325-1,0.62301815847424258
1326-1,0.74762209700435456
1327-1,0.75391938751977505
1328-1,0.64592188332426703
1329-1,2.8035477972855425
1330-1,2.2832793170538022
1331-1,0.92664822399355185
1332-1,1.5020285995821465
1333-1,1.4990340880330875
1334-1,0.85591650277545761
1335-1,0.95441994846891964
1336-1,4.1023505804377667
1337-1,1.1849488098709609
1338-1,1.3904149560189984
1339-1,0.87251468345171712
1340-1,0.6950989345509232
1341-1,0.4031464048351131
1342-1,0.51978606292847662
1343-1,0.70309755830268272
1344-1,0.83889310290071606
1345-1,0.54638781395478486
1346-1,0.35127585458137556
1347-1,0.50534157767968313
1348-1,0.44860445534716509
1349-1,0.67036962270786249
1350-1,0.59235761016372956
1351-1,0.39189726970024541
1352-1,0.27565139302338626
1353-1,0.69139014055827575
1354-1,0.316491020040363
1355-1,0.67975933794432186
1356-1,0.46170951988892767
1357-1,0.8290204006514047
1358-1,1.1125582078322303
1359-1,0.72059273711051897
1360-1,0.65579061193482135
1361-1,1.7181602736188095
1362-1,0.94596430601984738
1363-1,1.1600469625470136
1364-1,1.7106724607905144
1365-1,1.7239907005983555
1366-1,1.3066998931999119
1367-1,0.79032573086960367
1368-1,1.3710343608303366
1369-1,0.83256208267613363
1370-1,0.80231934450213527
1371-1,0.99258362428652192
1372-1,1.3652097855604555
1373-1,1.5599271580850955
1374-1,0.80488895118561354
1375-1,0.56854289047389162
1376-1,2.1565604729039585
1377-1,1.2393246156452378
1378-1,2.2593880093828922
1379-1,2.6824490512865613
1380-1,1.759691993442549
1381-1,0.84825100569423295
1382-1,0.95367668458510324
1383-1,0.92759554986846815
1384-1,0.49053401717537948
1385-1,0.83480443518270553
1386-1,1.0831321300995644
1387-1,1.2795866990901636
1388-1,0.92290573471975923
1389-1,0.52474557772388497
1390-1,0.73777411406577131
1391-1,0.97766562617136243
1392-1,1.1144913839031656
1393-1,0.16097810818000724
1394-1,0.51125953970605409
1395-1,0.66728342785150974
1396-1,1.0180673100756681
1397-1,0.81562432144540664
1398-1,0.64317511313131626
1399-1,0.45921715932588125
1400-1,0.99723861004915337
1401-1,0.68518740526315769
1402-1,3.9459499726572393
1403-1,0.75274037233708302
1404-1,1.1305779326738239
1405-1,0.75192942922909012
1406-1,1.4947390991406504
1407-1,0.22550016233700124
1408-1,0.33649060550719873
1409-1,0.73036662565408184
1410-1,0.97753072352215387
1411-1,0.6042297031468733
1412-1,0.76461284200293422
1413-1,0.46409992699365837
1414-1,0.64866200205408231
1415-1,0.39087805786647523
1416-1,1.261302475061846
1417-1,1.2770073205380077
1418-1,0.72449563160625063
1419-1,0.78199898689247649
1420-1,1.1735785521790782
1421-1,1.0602747752949948
1422-1,0.55291100867153509
1423-1,0.5248653544943287
1424-1,1.4336487831944056
1425-1,1.0506992356709119
1426-1,1.0489669162996087
1427-1,1.0034949104124049
1428-1,1.0353816904091666
1429-1,0.83056054567939708
1430-1,0.68066950750242061
1431-1,1.7858938051073554
1432-1,0.60797457635497854
1433-1,0.90188734461216036
1434-1,1.2194756543552876
1435-1,0.94970228878786145
1436-1,0.94012797854757379
1437-1,0.73617796516482836
1438-1,0.50357863846816608
1439-1,1.0695243839667214
1440-1,0.90826472217335164
1441-1,0.8240678709020528
1442-1,0.81385026794184145
1443-1,0.90551441283901546
1444-1,0.95401797622155649
1445-1,0.66228141751935432
1446-1,0.87092814316567235
1447-1,0.72487563769566332
1448-1,0.52874208335897799
1449-1,0.5258301359654306
1450-1,1.2971834262611313
1451-1,0.52891242130877958
1452-1,0.69357503379900776
1453-1,3.4102026297862702
1454-1,2.4614117940277689
1455-1,0.67044628357211344
1456-1,0.4621275011025866
1457-1,0.82463652486097572
1458-1,0.89081482591860939
1459-1,0.59072023384557115
1460-1,0.58086695098181085
1461-1,0.40762534122245692
1462-1,0.66145392437839701
1463-1,0.8198553145086912
1464-1,1.1120724654787604
1465-1,1.2910115564212077
1466-1,0.68881381250069029
1467-1,1.1138231771171279
1468-1,0.73381077007637963
1469-1,1.130039477286672
1470-1,4.5896923755812686
1471-1,1.2481272989500107
1472-1,0.56138602453125919
1473-1,0.59598171684365431
1474-1,0.65504652232686988
1475-1,1.0863225690030061
1476-1,1.004243046630739
1477-1,0.35363724279379838
1478-1,0.69841998975841557
1479-1,1.1915594446274247
1480-1,0.52513671234331349
1481-1,0.41791211325158106
1482-1,0.60230265745951572
1483-1,0.90672444941644492
1484-1,1.0212385816754013
1485-1,0.8155072993175565
1486-1,0.25055241467571593
1487-1,0.42380093515299072
1488-1,0.43064142015493723
1489-1,0.48812894347940144
1490-1,0.69079893442466722
1491-1,0.75831531698927646
1492-1,0.78477988979461943
1493-1,0.88919399560806689
1494-1,0.78642170012352497
1495-1,0.4473330865390579
1496-1,0.40592441970590093
1497-1,3.5489142202549022
1498-1,0.35376249454866859
1499-1,0.61103216863186594
1500-1,0.5709850852354823
1501-1,1.2523235646009716
1502-1,0.50404341801364094
1503-1,1.17078337848654
1504-1,1.2696317771836714
1505-1,0.64634035380377497
1506-1,0.34949288390160149
1507-1,0.37813122487022449
1508-1,0.32633851132567626
1509-1,0.28732106120161921
1510-1,0.94101922498918122
1511-1,0.48761702119751482
1512-1,0.62725134785679559
1513-1,0.5321246813226399
1514-1,1.1372833195644032
1515-1,0.73236269184697456
1516-1,0.65718783503031342
1517-1,0.63102021103003403
1518-1,0.57772068556104295
1519-1,0.77206784827679176
1520-1,2.4983586217485345
1521-1,1.0091127850569757
1522-1,0.75007955560772333
1523-1,0.66199835303802324
1524-1,1.2791020354230447
1525-1,0.42346637110905899
1526-1,2.8744217075516865
1527-1,4.3170328147618164
1528-1,1.5885026298202247
1529-1,0.69009334028275438
1530-1,1.6661947326761433
1531-1,1.1995807907469065
1532-1,1.9430961319507627
1533-1,3.0277562486939216
1534-1,1.630263742635178
1535-1,1.6590992939030071
1536-1,0.82534841687527549
1537-1,1.2228719482093124
1538-1,2.2079407310846193
1539-1,0.88214528112587076
1540-1,0.72967060106754689
1541-1,0.64745075355075021
1542-1,0.73861048680987196
1543-1,0.57124810474889653
1544-1,0.80616316788706199
1545-1,1.0106097397963159
1546-1,1.1082528603142314
1547-1,0.8795984320217124
1548-1,1.1346582721670304
1549-1,1.8438415378290565
1550-1,1.0470393405355558
1551-1,1.1024759270324194
1552-1,0.71438472781682061
1553-1,0.88476840467657603
1554-1,0.94270831012517797
1555-1,1.0524065904218478
1556-1,1.0485874376956552
1557-1,0.59901520183267409
1558-1,1.9413269230640855
1559-1,0.85519433681890089
1560-1,1.2838095578321063
1561-1,1.8999970694705659
1562-1,0.81085476783782473
1563-1,1.7124786393025586
1564-1,3.3025424311245977
1565-1,1.8237626866431844
1566-1,0.98276151844708981
1567-1,2.1674408243735628
1568-1,1.7708063668269602
1569-1,1.4391176568679229
1570-1,1.1975516570191342
1571-1,1.9684162451038902
1572-1,1.0050207907210773
1573-1,1.0490379976607629
1574-1,0.78503570702436032
1575-1,0.8779300323341539
1576-1,1.6111146924533
1577-1,1.9021389961025676
1578-1,1.6308185201227094
1579-1,1.1225020758148785
1580-1,1.7873594618533692
1581-1,2.4509479106078391
1582-1,1.5295448519409802
1583-1,2.7006895201188921
1584-1,1.2824025125620471
1585-1,1.7027647977264166
1586-1,0.62988547500776182
1587-1,0.38020640530000338
1588-1,0.59822223226922411
1589-1,2.6273185652344
1590-1,2.8075475320451289
1591-1,2.149081274372652
1592-1,1.2674808233727515
1593-1,1.0543423610463134
1594-1,0.7364084861577721
1595-1,0.85207624634306023
1596-1,0.68197527220621579
1597-1,0.8739980848846336
1598-1,0.86168015598562042
1599-1,0.84459063214121466
1600-1,1.5355172543582991
1601-1,0.44618783532268053
1602-1,0.42215020145095844
1603-1,0.65178241942287307
1604-1,1.0595124204824677
1605-1,0.60792100521167092
1606-1,0.36578381742871996
1607-1,0.59324523257300477
1608-1,0.39614894402964212
1609-1,0.98488519659234564
1610-1,0.49604385885358826
1611-1,0.33688145215125093
1612-1,0.9482736944994532
1613-1,0.66728357978838038
1614-1,0.30528062697213659
1615-1,1.1835792172806072
1616-1,0.4808397587638823
1617-1,0.34796164242361594
1618-1,0.85571362795338823
1619-1,0.32099185995451102
1620-1,0.26139417438499729
1621-1,0.2756720929957937
1622-1,0.49247926953591059
1623-1,0.46499023271161383
1624-1,0.65662656299514888
1625-1,0.51862480001059919
1626-1,0.55680546437863876
1627-1,0.45894408023418015
1628-1,0.48101338466108629
1629-1,0.78628391441522127
1630-1,0.21725756488875114
1631-1,0.66125888481064987
1632-1,0.48045439334340223
1633-1,0.47901851368236981
1634-1,0.33435507707230988
1635-1,0.41153304120365669
1636-1,0.31601128739869028
1637-1,0.38184928312425709
1638-1,0.67636086430418718
1639-1,0.22218752432312705
1640-1,0.32123953183653314
1641-1,0.41765444793663564
1642-1,0.48002918689202728
1643-1,0.33665471615621162
1644-1,0.20967173397156449
1645-1,0.63599452092943731
1646-1,0.3936910755217482
1647-1,0.50652605474262069
1648-1,0.22324708822592773
1649-1,0.55998153203239065
1650-1,0.75502018070784804
1651-1,0.37545969623048386
1652-1,0.6828838966116525
1653-1,1.0941159613578315
1654-1,0.49224449152962807
1655-1,0.42565118256148216
1656-1,0.53063531868089586
1657-1,0.8533939138235519
1658-1,0.8969127869019865
1659-1,0.49358156907463963
1660-1,0.69615093027271169
1661-1,0.60054609005102644
1662-1,0.68889432108913007
1663-1,0.59519946400639157
1664-1,0.35698972523487271
1665-1,0.23758423171613349
1666-1,0.29236809129657376
1667-1,0.22594415309306767
1668-1,0.68313640505149875
1669-1,0.65740806413871533
1670-1,0.1803292369398902
1671-1,0.48768703742753683
1672-1,0.23184937372841655
1673-1,0.30317907455575821
1674-1,0.29655951157848387
1675-1,0.27964582786603009
1676-1,0.33589630619962418
1677-1,0.25044763166160999
1678-1,0.18647361798702658
1679-1,0.49667605663742642
1680-1,0.47766419707947133
1681-1,0.30036765307050584
1682-1,0.69711601658522071
1683-1,0.32534971125688261
1684-1,0.28801801353780321
1685-1,0.54761335101706088
1686-1,0.41282821632926342
1687-1,0.53184416270533541
1688-1,1.4154140956583787
1689-1,0.65106445567929305
1690-1,0.81128419663201923
1691-1,0.9342943658219387
1692-1,0.96999448299139912
1693-1,0.64258693388409494
1694-1,0.69994928356289565
1695-1,0.80863271095853884
1696-1,0.68723623673667078
1697-1,0.82025244245815543
1698-1,0.55161920042510271
1699-1,0.68163989555300264