,Var1,Var2
1-1,20080102,-0.043821117715589164
2-1,20080103,-0.034925434953412271
3-1,20080104,-0.019715863164417868
4-1,20080107,0.0059929353976109212
5-1,20080108,-0.016008345860987205
6-1,20080109,-0.028370697129215472
7-1,20080110,0.045347819978459381
8-1,20080111,-0.0085535112688432946
9-1,20080114,-0.016755913728438987
10-1,20080115,-0.022036568532254996
11-1,20080116,0.015155764358205204
12-1,20080117,-0.012519725344927846
13-1,20080118,-0.0069463276902923532
14-1,20080122,0.051631455919263214
15-1,20080123,0.09721484681289061
16-1,20080124,0.013786530522690299
17-1,20080125,-0.043788089781391815
18-1,20080128,0.010739044654564989
19-1,20080129,0.0050226122662913042
20-1,20080130,-0.044520014968225663
21-1,20080131,0.04099819045058517
22-1,20080201,0.031194704931543971
23-1,20080204,-0.0072765393828699843
24-1,20080205,-0.020850795480190421
25-1,20080206,-0.028278121323065175
26-1,20080207,0.025137935693130942
27-1,20080208,-0.0098093429616255001
28-1,20080211,0.014678165130445731
29-1,20080212,0.0069649357368413156
30-1,20080213,-0.0023850547943196077
31-1,20080214,-0.035091319811270338
32-1,20080215,0.01264795524323814
33-1,20080219,-0.023427930677623721
34-1,20080220,0.011573565394022989
35-1,20080221,-0.022709366941174203
36-1,20080222,0.013252540728129869
37-1,20080225,0.011976191046715545
38-1,20080226,0.039052836374442457
39-1,20080227,0.003683245416296721
40-1,20080228,-0.017067080937013479
41-1,20080229,-0.020358337229902546
42-1,20080303,-0.0094681854631408768
43-1,20080304,0.0055959855041209927
44-1,20080305,0.009405325210705584
45-1,20080306,-0.02470647846575913
46-1,20080307,-0.02026118513982178
47-1,20080310,-0.018857364915504604
48-1,20080311,0.0414328537362052
49-1,20080312,-0.0062234995780832136
50-1,20080313,0.0051238369998691802
51-1,20080314,0.0034502621921528309
52-1,20080317,0.015178341599065615
53-1,20080318,0.045449617266214659
54-1,20080319,-0.04800028547006896
55-1,20080320,-0.0059667743441269572
56-1,20080324,0.019746762934834017
57-1,20080325,0.0038986404156573506
58-1,20080326,-0.01628791975847399
59-1,20080327,-0.0079141170559906548
60-1,20080328,-0.039648973857891789
61-1,20080331,0.024835235424528701
62-1,20080401,0.034927240608905841
63-1,20080402,0.0075573908950716806
64-1,20080403,-0.010306573468949587
65-1,20080404,0.0032520353863771945
66-1,20080407,-0.017344608251385285
67-1,20080408,-0.02524832252409448
68-1,20080409,-0.033195734376747943
69-1,20080410,0.0074434927126598716
70-1,20080411,-0.013237603375228613
71-1,20080414,-0.013156161106646636
72-1,20080415,0.019791099985098093
73-1,20080416,0.017123706078591372
74-1,20080417,-0.0050833207456109086
75-1,20080418,0.019890158479219711
76-1,20080421,-0.0022123902829407349
77-1,20080422,-0.011217167530924943
78-1,20080423,0.0047732787526579834
79-1,20080424,0.0072225153029696898
80-1,20080425,-0.018435141678355027
81-1,20080428,-0.015848192240023984
82-1,20080429,0.038309237114960037
83-1,20080430,-0.0049261183360562733
84-1,20080501,0.037324613988084288
85-1,20080502,-0.032280148807292353
86-1,20080505,-0.0048840145924256007
87-1,20080506,0.0036764747293087652
88-1,20080507,-0.021092593383100322
89-1,20080508,-0.011604332821828933
90-1,20080509,0.0056908152317545202
91-1,20080512,0.011292466298172155
92-1,20080513,-0.0062422175224998711
93-1,20080514,-0.0056444176196768225
94-1,20080515,0.01315396354271936
95-1,20080516,0.024986427782730303
96-1,20080519,0.003222501690095303
97-1,20080520,0.003560834623009157
98-1,20080521,-0.012503884255283815
99-1,20080522,0.024268725834870608
100-1,20080523,0.0017693900222264247
101-1,20080527,0.028987536873252395
102-1,20080528,0.01298352983094242
103-1,20080529,0.025429783797631167
104-1,20080530,-0.01257190649565354
105-1,20080602,-0.0099834439841832712
106-1,20080603,-0.011768138052854482
107-1,20080604,0.017275436594036631
108-1,20080605,0.015799838344762396
109-1,20080606,-0.035852109899172646
110-1,20080609,-0.015855371789794237
111-1,20080610,0.027562477838113608
112-1,20080611,-0.018038820589678206
113-1,20080612,0.0028129413766149192
114-1,20080613,0.010801933032813515
115-1,20080616,0.015393377072723258
116-1,20080617,-0.014254627331712122
117-1,20080618,-0.011735256218420975
118-1,20080619,0.011185798957715765
119-1,20080620,-0.030279376931013235
120-1,20080623,-0.061310480520335275
121-1,20080624,0.010915814876995888
122-1,20080625,0.026652451165405378
123-1,20080626,-0.027829987241219989
124-1,20080627,-0.00061180791140591495
125-1,20080630,-0.032523191705560173
126-1,20080701,0.0048131009008227643
127-1,20080702,-0.020202707317519497
128-1,20080703,-0.0083041039313753728
129-1,20080707,-0.033577874702471977
130-1,20080708,0.037865699395821739
131-1,20080709,-0.041908360732475725
132-1,20080710,-0.023352709575262587
133-1,20080711,-0.012035543511344393
134-1,20080714,-0.015218839123556815
135-1,20080715,-0.011704595949527885
136-1,20080716,0.055230959327831286
137-1,20080717,0.038942973948607129
138-1,20080718,-0.0069444723528109265
139-1,20080721,-0.019336162291741843
140-1,20080722,0.07015018334630474
141-1,20080723,0.0170161173766461
142-1,20080724,-0.042387778349982419
143-1,20080725,-0.018210432793780651
144-1,20080728,-0.0076789208041554424
145-1,20080729,0.048222712512767885
146-1,20080730,-0.023514687758401376
147-1,20080731,0.0034281829940678854
148-1,20080801,-0.02936366650383393
149-1,20080804,-0.026668247082160867
150-1,20080805,0.014588657484752687
151-1,20080806,0.03094958809204007
152-1,20080807,-0.0068540364277924759
153-1,20080808,0.03294415571935394
154-1,20080811,0.085116909381179884
155-1,20080812,0.011979869890969663
156-1,20080813,-0.0067175825132159694
157-1,20080814,0.049026459066561667
158-1,20080815,-0.023071120901311915
159-1,20080818,-0.01142182540318748
160-1,20080819,-0.028092602143752643
161-1,20080820,-0.016965534158296602
162-1,20080821,0.0057637047167498068
163-1,20080822,0.016997576368571021
164-1,20080825,-0.027938325066325653
165-1,20080826,-0.0089859397977147815
166-1,20080827,0.0057896591444843715
167-1,20080828,0.0043928530007351085
168-1,20080829,-0.020305266160745905
169-1,20080902,-0.013253586241596338
170-1,20080903,0.0015696126280126954
171-1,20080904,-0.046007465687740723
172-1,20080905,0.020633011495420295
173-1,20080908,0.0051679701584426141
174-1,20080909,-0.029481335907083572
175-1,20080910,-0.012537280681673035
176-1,20080911,0.049879105121926504
177-1,20080912,-0.0078023802841848955
178-1,20080915,0.014696323290196656
179-1,20080916,0.031386313820670697
180-1,20080917,-0.0012812301560485295
181-1,20080918,0.011938564669115692
182-1,20080919,-0.019024814369578369
183-1,20080922,-0.041699434547215031
184-1,20080923,-0.013184106592137201
185-1,20080924,-0.018629946664523445
186-1,20080925,-0.0046775895511110832
187-1,20080926,0.028075579877950396
188-1,20080929,-0.031337714218206081
189-1,20080930,0.033530339198679648
190-1,20081001,0.016692603572482589
191-1,20081002,-0.042147861817466215
192-1,20081003,-0.053141402433170448
193-1,20081006,-0.02775315930562483
194-1,20081007,-0.057700713202479825
195-1,20081008,-0.023147197190651614
196-1,20081009,-0.048746912509642915
197-1,20081010,0.073830810289419624
198-1,20081013,0.018917159132205263
199-1,20081014,-0.075813217774885366
200-1,20081015,-0.08618677069238867
201-1,20081016,0.042559614418796077
202-1,20081017,0.019342962843130973
203-1,20081020,0.044084273132019458
204-1,20081021,-0.001902950146086102
205-1,20081022,-0.023739987303073029
206-1,20081023,0.035682675598570412
207-1,20081024,0.055157139634301355
208-1,20081027,0.015748356968139365
209-1,20081028,0.099358768330325198
210-1,20081029,0.039644831347239951
211-1,20081030,0.060426543178568437
212-1,20081031,0.048371363835885361
213-1,20081103,-0.04368869500233119
214-1,20081104,-0.03597937004446683
215-1,20081105,-0.049279281322738733
216-1,20081106,-0.033601746546767952
217-1,20081107,-0.048068403041022556
218-1,20081110,-0.067292079554754025
219-1,20081111,0.050189744523855051
220-1,20081112,-0.038850030062482332
221-1,20081113,-0.011745997299295929
222-1,20081114,-0.054250589749748279
223-1,20081117,0.025762548930023943
224-1,20081118,-0.024721682780346921
225-1,20081119,-0.038762158076402375
226-1,20081120,-0.092271048682046386
227-1,20081121,0.039118416595471661
228-1,20081124,0.042559614418795633
229-1,20081125,0.026520209809395734
230-1,20081126,0.090322638293286239
231-1,20081128,0.027914088109921575
232-1,20081201,-0.074467070819938197
233-1,20081202,0.041947431969313165
234-1,20081203,0.039544839750706107
235-1,20081204,0.014035318116383255
236-1,20081205,0.075378136175623389
237-1,20081208,0.030771658666753687
238-1,20081209,-0.0075067376637534267
239-1,20081210,0.024456295977526743
240-1,20081211,-0.051125869658527279
241-1,20081212,0.051067916879271369
242-1,20081215,-0.049847805727567529
243-1,20081216,0.0538957682051322
244-1,20081217,0.024692612590371255
245-1,20081218,-0.032823459446549741
246-1,20081219,0.017409553895511909
247-1,20081222,-0.049932368748209388
248-1,20081223,-0.024692612590371699
249-1,20081224,0.0043103515011222449
250-1,20081226,-0.012752563897391322
251-1,20081229,-0.037986118816086378
252-1,20081230,0.023784905023441993
253-1,20081231,0.011720965298156472
254-1,20090102,0.043665980561786721
255-1,20090105,0.0050530678513913685
256-1,20090106,0.014771317320312782
257-1,20090107,-0.0044899052728517574
258-1,20090108,0.034071431910524641
259-1,20090109,-0.038195597738035936
260-1,20090112,-0.020619287202735759
261-1,20090113,-0.01853375794005796
262-1,20090114,-0.020799874110675631
263-1,20090115,0.024018621865928846
264-1,20090116,-0.0042283361095214467
265-1,20090120,-0.042395558967685432
266-1,20090121,0.057615019959880609
267-1,20090122,0.015469921772131912
268-1,20090123,0.0088594156435162219
269-1,20090126,-0.0011117288526905078
270-1,20090127,0.01599151806356236
271-1,20090128,0.036963025184284959
272-1,20090129,0.04233436382656075
273-1,20090130,-0.024072329307793794
274-1,20090202,0.017094433359299721
275-1,20090203,0.041542837513708797
276-1,20090204,-0.0091697025598524995
277-1,20090205,0.047555748508424589
278-1,20090206,0.045661161474290779
279-1,20090209,0.032230277904913507
280-1,20090210,-0.070606100310304232
281-1,20090211,0.0030105391528714165
282-1,20090212,0.030433877883268678
283-1,20090213,-0.0073946602667920303
284-1,20090217,-0.00258197922941239
285-1,20090218,-0.0010368067284405313
286-1,20090219,-0.028987536873252395
287-1,20090220,0.018426422900319483
288-1,20090223,-0.038507431397737601
289-1,20090224,0.040821994520255256
290-1,20090225,-0.0058278310639976461
291-1,20090226,-0.051791509128404911
292-1,20090227,0.027125936643756177
293-1,20090302,-0.024748169689194466
294-1,20090303,-0.037697210595753816
295-1,20090304,0.017153079226249535
296-1,20090305,-0.011614532420693102
297-1,20090306,-0.029465891343028794
298-1,20090309,-0.0024154601116035401
299-1,20090310,0.081957107273666008
300-1,20090311,0.0027137058715962503
301-1,20090312,0.091444770362875349
302-1,20090313,0.045033026513314756
303-1,20090316,0.014953549667058308
304-1,20090317,0.040765891964768652
305-1,20090318,0.038142095766475315
306-1,20090319,-0.012007005313723784
307-1,20090320,-0.048065171067757539
308-1,20090323,0.058915883536594826
309-1,20090324,-0.054160205602483025
310-1,20090325,-0.027398974188114433
311-1,20090326,0.091202405513021834
312-1,20090327,-0.020202707317519497
313-1,20090330,-0.0280105840001319
314-1,20090331,-0.030170877633363347
315-1,20090401,0.016245844665579323
316-1,20090402,0.028775874262661816
317-1,20090403,-0.011068652809189672
318-1,20090406,0.00087527357885530677
319-1,20090407,0.00089485464584404539
320-1,20090408,0.014035318116383699
321-1,20090409,0.014256006636032659
322-1,20090413,0.0033389012655145045
323-1,20090414,0.00084281505199701456
324-1,20090415,0.042037713195393067
325-1,20090416,0.010407726210380996
326-1,20090417,0.044149784612929732
327-1,20090420,-0.020870322725580426
328-1,20090421,0.052185753170570504
329-1,20090422,0.078715567465474034
330-1,20090423,0.068085066976365294
331-1,20090424,0.020573009117714758
332-1,20090427,0.0049382816405825203
333-1,20090428,0.035435294307629928
334-1,20090429,-0.0014609206396749563
335-1,20090430,0.050276074217006972
336-1,20090501,-0.046025822395281857
337-1,20090504,0.024097551579060461
338-1,20090505,0.0088324191923740969
339-1,20090506,-0.021854941057104504
340-1,20090507,-0.0096000737290191651
341-1,20090508,-0.033120377922451816
342-1,20090511,0.0026114545712196957
343-1,20090512,-0.021037590292658503
344-1,20090513,-0.015564516541111573
345-1,20090514,0.0027553648607310244
346-1,20090515,0.025040431959687304
347-1,20090518,0.024170360927813217
348-1,20090519,0.00074543424994866214
349-1,20090520,0.0044345970678656421
350-1,20090521,0.0074571561080820636
351-1,20090522,-0.043681643164269257
352-1,20090526,0.072172524404331195
353-1,20090527,-0.0033513343599254064
354-1,20090528,0.016905952078074993
355-1,20090529,0.041169760129741384
356-1,20090601,0.025111601158113395
357-1,20090602,0.0013504390978718028
358-1,20090603,0.039351526156280237
359-1,20090604,-0.0039499722193139242
360-1,20090605,-0.0089065408162034565
361-1,20090608,0.010070578563595944
362-1,20090609,0.01993421490081726
363-1,20090610,-0.023218290102007266
364-1,20090611,-0.038856529897639103
365-1,20090612,0.027915280885755234
366-1,20090615,-0.019663554908778025
367-1,20090616,-0.0092428670811779412
368-1,20090617,0.024797586609398348
369-1,20090618,-0.011976191046715989
370-1,20090619,0.0014064699927516244
371-1,20090622,-0.020916738051176331
372-1,20090623,0.017813082330222052
373-1,20090624,-0.0063135951568522586
374-1,20090625,0.046937532060594034
375-1,20090626,-0.015716073389179019
376-1,20090629,-0.0020498811414437768
377-1,20090630,-0.040879546820924428
378-1,20090701,-0.0014295928095942045
379-1,20090702,-0.039565600206191043
380-1,20090706,0.0097488586127494337
381-1,20090707,-0.037083325888229268
382-1,20090708,0.0076923456231559051
383-1,20090709,0.043485111939738808
384-1,20090710,-0.005190964566969658
385-1,20090713,0.041415290295593987
386-1,20090714,0.010336930395836941
387-1,20090715,0.017142277387776073
388-1,20090716,0.0048695748399567584
389-1,20090717,-0.004839276640749457
390-1,20090720,0.025455302828449877
391-1,20090721,-0.020229954902703629
392-1,20090722,0.082155858013232663
393-1,20090723,0.0029027596579616066
394-1,20090724,0.0011627908286899746
395-1,20090727,-0.0017326022237811323
396-1,20090728,0.014514042884254064
397-1,20090729,-0.013314234306375461
398-1,20090730,0.020631104251191967
399-1,20090731,0.01192857086527388
400-1,20090803,0.021577600644547168
401-1,20090804,0.032076683195691569
402-1,20090805,-0.012355784371718137
403-1,20090806,-0.012220111334774852
404-1,20090807,0.021511917042435158
405-1,20090810,0.021562760229207445
406-1,20090811,-0.012645057847273211
407-1,20090812,0.02579769282114075
408-1,20090813,0.019018820500044775
409-1,20090814,-0.018663061131926284
410-1,20090817,-0.0058934003952866298
411-1,20090818,0.01564396215521402
412-1,20090819,0.019007964045176795
413-1,20090820,0.0073145571681374477
414-1,20090821,0.018960342523703044
415-1,20090824,-0.024641903936928777
416-1,20090825,0.015504186535964859
417-1,20090826,-0.0036110433873877135
418-1,20090827,0.0087833166060180545
419-1,20090828,-0.017199756569999725
420-1,20090831,-0.01125224485036691
421-1,20090901,-0.01842262755303592
422-1,20090902,0.0032379952737753293
423-1,20090903,0.0050986290514809518
424-1,20090904,0.016967533256703415
425-1,20090908,0.0067938594214083103
426-1,20090909,0.045549153267162357
427-1,20090910,-0.0079840743482209042
428-1,20090911,-0.0050150556464281237
429-1,20090914,0.020131530407278664
430-1,20090915,-0.0095598212331577948
431-1,20090916,0
432-1,20090917,0.014792798268749241
433-1,20090918,0.015526755399210224
434-1,20090921,0.0024230687891249048
435-1,20090922,-0.0087549197338439022
436-1,20090923,-0.034697103398877438
437-1,20090924,-0.03334497184428864
438-1,20090925,0.036965194233471443
439-1,20090928,0.03380117022608875
440-1,20090929,-0.016561508589001406
441-1,20090930,0.014150028724758013
442-1,20091001,-0.027656083603118553
443-1,20091002,0.0020283982613928941
444-1,20091005,0.013045844833299736
445-1,20091006,0.023658077278264411
446-1,20091007,-0.0029368596733099217
447-1,20091008,0.0048971694344834837
448-1,20091009,-0.0068965790590604925
449-1,20091012,0.0073910166463893034
450-1,20091013,-0.010842885924707613
451-1,20091014,0.0092978404104284706
452-1,20091015,0.018044869047170842
453-1,20091016,-0.0016943002963927256
454-1,20091019,0.01442332696110471
455-1,20091020,-0.011140827266845399
456-1,20091021,-0.012216130419284266
457-1,20091022,0.013645435896914027
458-1,20091023,-0.013969103514835712
459-1,20091026,-0.0074534506545811396
460-1,20091027,-0.046615353608079779
461-1,20091028,-0.026345043144691438
462-1,20091029,0.03017918941378861
463-1,20091030,-0.027028672387919173
464-1,20091102,0.0171655710285048
465-1,20091103,0.0056833012700789887
466-1,20091104,-0.01907766032189917
467-1,20091105,0.015345569674660275
468-1,20091106,0.032482105021454988
469-1,20091109,-0.0014207911459447331
470-1,20091110,0.020526850248321349
471-1,20091111,0.0032310205814463089
472-1,20091112,0.0027713643603832772
473-1,20091113,0.0046019409333690753
474-1,20091116,0.01185604403031304
475-1,20091117,0.0025042699484925102
476-1,20091118,-0.00046029920260348689
477-1,20091119,0.0013943762426547046
478-1,20091120,0.002806362926957906
479-1,20091123,-0.0092124096947427958
480-1,20091124,-0.0084034107963795179
481-1,20091125,0.021297101230795867
482-1,20091127,0.017891249357095518
483-1,20091130,0.025903390948847971
484-1,20091201,-0.0098455288718590772
485-1,20091202,-0.0055223334082605824
486-1,20091203,-0.028960454583713879
487-1,20091204,0.0088352120885279994
488-1,20091207,-0.004662013105811269
489-1,20091208,0.0042503015578714276
490-1,20091209,0.0016445440097827557
491-1,20091210,0.042598609135016563
492-1,20091211,0.00044652825033075771
493-1,20091214,0.016332298590571614
494-1,20091215,0.0017613390727015954
495-1,20091216,-0.010638398205055299
496-1,20091217,-0.0022446698538236554
497-1,20091218,0.062288801403555638
498-1,20091221,-0.024344571897737755
499-1,20091222,0.021304597859779228
500-1,20091223,0.00042131873384976259
501-1,20091224,-0.0029529656556293027
502-1,20091228,0.0078001871189647964
503-1,20091229,-0.011839461762888082
504-1,20091230,-0.0029985029962569243
505-1,20091231,-0.0090615506775750809
506-1,20100104,-0.0079974488722118764
507-1,20100105,0.026633876718576754
508-1,20100106,-0.0025586367903245311
509-1,20100107,0.0034290646545169778
510-1,20100108,0.0012900453304895976
511-1,20100111,-0.00086169759748111474
512-1,20100112,-0.0050289818462316838
513-1,20100113,0.02775546772153259
514-1,20100114,0.012826169848420221
515-1,20100115,-0.012385381469185663
516-1,20100119,0.0076694027394634823
517-1,20100120,-0.019970920800447711
518-1,20100121,-0.017988353688290548
519-1,20100122,-0.029840144691100523
520-1,20100125,-0.02643325706815558
521-1,20100126,0.01474887070529407
522-1,20100127,-0.0068958119993651756
523-1,20100128,-0.019740434649996086
524-1,20100129,-0.014578845912826655
525-1,20100201,0.017928541038580992
526-1,20100202,0.014362904000361887
527-1,20100203,0.0094065643206331373
528-1,20100204,-0.025810805706994788
529-1,20100205,-0.0036815504076730399
530-1,20100208,0.011937699158876214
531-1,20100209,0.0067858211079689923
532-1,20100210,0.01304855409314376
533-1,20100211,0.012943720101288303
534-1,20100212,0.014709425008963883
535-1,20100216,0.0078982420242401652
536-1,20100217,0.0030283388923444399
537-1,20100218,0.0012911557636199333
538-1,20100219,0.0085948101064814431
539-1,20100222,-0.019460073554712132
540-1,20100223,-0.0083425291751386688
541-1,20100224,0.01352256156425069
542-1,20100225,0.011860450914748188
543-1,20100226,0.0017474884307144833
544-1,20100301,0.014706147389695445
545-1,20100302,0.0017160021370892231
546-1,20100303,-0.0086356322496055071
547-1,20100304,-0.0043535114471975334
548-1,20100305,0.014655434718172433
549-1,20100308,0.0012872775860421903
550-1,20100309,0.0080765582495119226
551-1,20100310,0.028465714366007422
552-1,20100311,0.005785140101569386
553-1,20100312,-0.0065708655311391695
554-1,20100315,0.0024610348762696965
555-1,20100316,0.016357835317537539
556-1,20100317,0.01200447358931811
557-1,20100318,-0.019410393519823543
558-1,20100319,0
559-1,20100322,0.030146977558505039
560-1,20100323,0.0055248759319699303
561-1,20100324,-0.021514618232527649
562-1,20100325,-0.03529062225338464
563-1,20100326,0.0065306354553302803
564-1,20100329,-0.005067407215383124
565-1,20100330,0.0020379057389203759
566-1,20100331,-0.007798110520516488
567-1,20100401,-0.0059652547557860203
568-1,20100405,0.018462062839735172
569-1,20100406,0.0032599865872073863
570-1,20100407,0.0032154368539747402
571-1,20100408,0.0016122534729761107
572-1,20100409,-0.0056474534930752718
573-1,20100412,-0.0077251858064064649
574-1,20100413,0.012604354711304833
575-1,20100414,0.0048426244757879822
576-1,20100415,0.01402547535450438
577-1,20100416,-0.0061870270208834732
578-1,20100419,-0.0044114769758820671
579-1,20100420,0.0067500752623641525
580-1,20100421,0.0071174677688641275
581-1,20100422,0.046974632627912793
582-1,20100423,0.0088463533047287157
583-1,20100426,0.011751879648776775
584-1,20100427,-0.030417775364639965
585-1,20100428,-0.015515921490287354
586-1,20100429,0.011722577045863769
587-1,20100430,-0.025077301958454701
588-1,20100503,0.041551235182789359
589-1,20100504,-0.021845298374735478
590-1,20100505,0.010730127859482685
591-1,20100506,-0.01394290596901282
592-1,20100507,0.0039370129593394587
593-1,20100510,0.03613490614385384
594-1,20100511,0
595-1,20100512,0.035450450718344406
596-1,20100513,-0.01195449846102381
597-1,20100514,-0.027521260950724713
598-1,20100517,0.0123481456725405
599-1,20100518,-0.0028192857692816986
600-1,20100519,-0.0041928782600360037
601-1,20100520,-0.017384870875061686
602-1,20100521,0.031315284665463849
603-1,20100524,-0.00238948739738154
604-1,20100525,0.019850763232071689
605-1,20100526,-0.010066523500708247
606-1,20100527,0.022141125877213508
607-1,20100528,-0.0038535693159902351
608-1,20100601,-0.001942125294855046
609-1,20100602,0.03230712018038151
610-1,20100603,0.011612792050812004
611-1,20100604,-0.0041992808415569627
612-1,20100607,-0.027049562625389711
613-1,20100608,0.011673284304724696
614-1,20100609,0.0097394066910232446
615-1,20100610,0.010054078361468655
616-1,20100611,0.013908430046131848
617-1,20100614,0.0025514867131577468
618-1,20100615,0.010263887710314279
619-1,20100616,0.0064539485407437702
620-1,20100617,-0.0010712373814989462
621-1,20100618,0.003387718315295718
622-1,20100621,-0.0078208717161802888
623-1,20100622,-0.029658593393003585
624-1,20100623,0.0032997280169206888
625-1,20100624,-0.018942070529074595
626-1,20100625,-0.001118776920721487
627-1,20100628,-0.025460004927295277
628-1,20100629,-0.03842103298271704
629-1,20100630,-0.031195561823699425
630-1,20100701,0.0077440778290518431
631-1,20100702,-0.015093086838500192
632-1,20100706,-0.037975306953310639
633-1,20100707,0.033922719952902192
634-1,20100708,0.012966145997267198
635-1,20100709,0.018341822014395159
636-1,20100712,-0.0011864743333718231
637-1,20100713,0.014176371018610467
638-1,20100714,0.0050106098278601685
639-1,20100715,0.0026845653706693007
640-1,20100716,-0.030711840394646472
641-1,20100719,0.0066942561469298667
642-1,20100720,0.027539112494071372
643-1,20100721,-0.020619287202735759
644-1,20100722,0.012397679289602337
645-1,20100723,0.011890746521521667
646-1,20100726,0.0015772873932484721
647-1,20100727,-0.0071146545167586339
648-1,20100728,-0.0087649963529674579
649-1,20100729,-0.012830969936742154
650-1,20100730,0.012140982803623412
651-1,20100802,-0.015092348045709691
652-1,20100803,0.001213837899393333
653-1,20100804,0.012402639480470157
654-1,20100805,0.0059749231725185759
655-1,20100806,0.021145810842647439
656-1,20100809,0.0094044580279786238
657-1,20100810,0.0017732247775081866
658-1,20100811,-0.010086831537890806
659-1,20100812,0.0065627799125236308
660-1,20100813,-0.014502015080783082
661-1,20100816,-0.00062952472963528905
662-1,20100817,0.017023454489679679
663-1,20100818,0.015223499105091687
664-1,20100819,-0.012401977892374294
665-1,20100820,0.00062415481065070111
666-1,20100823,-0.020472827015952433
667-1,20100824,-0.018643505523023407
668-1,20100825,0.033075251681785822
669-1,20100826,-0.0055686586395822246
670-1,20100827,0.00042616663760286499
671-1,20100830,-0.0012801367227170957
672-1,20100831,-0.0090929398971741904
673-1,20100901,0.022194679726409206
674-1,20100902,0.042647738003367852
675-1,20100903,0.0039968078785204142
676-1,20100907,-0.00200682387239004
677-1,20100908,-0.004830927269665608
678-1,20100909,-0.0048231604754294111
679-1,20100910,0.020258885514775837
680-1,20100913,0.0058422756242282325
681-1,20100914,0.0027189762332433531
682-1,20100915,0.0074059976004110517
683-1,20100916,0.0038925701155112513
684-1,20100917,-0.011277584040616073
685-1,20100920,0.02545451738913318
686-1,20100921,-0.0028628705496771545
687-1,20100922,-0.010545587136197909
688-1,20100923,-0.0093934154490207256
689-1,20100924,0.010773478578082862
690-1,20100927,0.0022970913622950562
691-1,20100928,-0.0091429208326743172
692-1,20100929,-0.01271448451497692
693-1,20100930,-0.013396957964894707
694-1,20101001,0.0027032262068615864
695-1,20101004,-0.0038850087714612513
696-1,20101005,0.0072644173409335266
697-1,20101006,0
698-1,20101007,-0.0015325673497783576
699-1,20101008,-0.00057520852894565877
700-1,20101011,0.00096163100015500547
701-1,20101012,0.044066628732065904
702-1,20101013,0.0025683374969269757
703-1,20101014,0.011552342650720249
704-1,20101015,0
705-1,20101018,-0.0032840752011900065
706-1,20101019,-0.0058888650122495001
707-1,20101020,0.013201511858536019
708-1,20101021,-0.0083988078150287748
709-1,20101022,0.042666446318902373
710-1,20101025,-0.0045654161825940953
711-1,20101026,0.0080943605762167081
712-1,20101027,0.0021253993123133696
713-1,20101028,-0.0096976868622946633
714-1,20101029,0.012005793924117381
715-1,20101101,0.001909557042364618
716-1,20101102,-0.0013855215240354823
717-1,20101103,0.0096652461072213036
718-1,20101104,0.0020188432159704561
719-1,20101105,0.0091087161982401632
720-1,20101108,0.0049083868178381174
721-1,20101109,-0.017083201253448532
722-1,20101110,0.012553848385376654
723-1,20101111,0.021364822497696778
724-1,20101112,-0.013816009238573734
725-1,20101115,0.015229967677130141
726-1,20101116,-0.020236218820345542
727-1,20101117,0.0080348607692788399
728-1,20101118,0.01151139170954929
729-1,20101119,0.0091474012549088712
730-1,20101122,0.010740542632170502
731-1,20101123,-0.0039395980040803913
732-1,20101124,0.023137278911759207
733-1,20101126,-0.00048096193311897295
734-1,20101129,0.005863208979087986
735-1,20101130,0.010175699159825857
736-1,20101201,0.01975215538378805
737-1,20101202,0.027560189924816569
738-1,20101203,0.0052171362772868157
739-1,20101206,0.0024479816386397957
740-1,20101207,-0.0059275194452874658
741-1,20101208,-0.0094700570270664919
742-1,20101209,-0.0079926647440351495
743-1,20101210,0.0053833860689724844
744-1,20101213,-0.022868734551662495
745-1,20101214,0.0046838493124266023
746-1,20101215,-0.0084335967616140373
747-1,20101216,0.0024577585336564844
748-1,20101217,0.0052027661353983845
749-1,20101220,0.0013678853109406752
750-1,20101221,-0.0056150083029455899
751-1,20101222,-0.0015167604909960275
752-1,20101223,-0.0064151739789983786
753-1,20101227,-0.0049125060414310084
754-1,20101228,-0.003696861881326452
755-1,20101229,-0.00015383432074012049
756-1,20101230,0.00061728397021765247
757-1,20101231,-0.0088324739380718498
758-1,20110103,0.02373818098710867
759-1,20110104,-0.022507032786049486
760-1,20110105,-0.00015454756231969569
761-1,20110106,-0.013059887114609037
762-1,20110107,0.022216279344044132
763-1,20110110,0.0079681696491769038
764-1,20110111,-0.018422381612257066
765-1,20110112,-0.012349647538753672
766-1,20110113,0.0077471723082704891
767-1,20110114,0.015563916913061249
768-1,20110118,0.0088267199161875531
769-1,20110119,0.015878196184092364
770-1,20110120,0.003623192369420547
771-1,20110121,-0.0073568382257080955
772-1,20110124,0.0086970108836701421
773-1,20110125,0.011056440137728885
774-1,20110126,-0.015606559256516661
775-1,20110127,0.022032714999882685
776-1,20110128,-0.040758960702590663
777-1,20110131,-0.00015854141927773568
778-1,20110201,0.016255437646677251
779-1,20110202,0.0052934889292957088
780-1,20110203,0.0049551045950453343
781-1,20110204,0.0092536132242715397
782-1,20110207,-0.0046260683887822118
783-1,20110208,0.025062436475397742
784-1,20110209,-0.0012117541622083117
785-1,20110210,0.008330226133943075
786-1,20110211,0.010850016024065656
787-1,20110214,0.0074682946075257384
788-1,20110215,-0.0069058974353648495
789-1,20110216,0.0085246908223677309
790-1,20110217,-0.00044759418874829038
791-1,20110218,0.018392686985061246
792-1,20110222,-0.028268308378236906
793-1,20110223,-0.026288818694716554
794-1,20110224,0.0012554929458321595
795-1,20110225,0.011757561188046495
796-1,20110228,0.0066930581465838301
797-1,20110301,-0.025001302205417186
798-1,20110302,-0.0034092703097869936
799-1,20110303,0.01648892319850459
800-1,20110304,0.0060569537081898162
801-1,20110307,-0.011536882879147115
802-1,20110308,0.0067876902186849719
803-1,20110309,0.017081954152777801
804-1,20110310,0.023988357081070166
805-1,20110311,-0.01976509448847974
806-1,20110314,-0.015822675694962207
807-1,20110315,0.02437762439982416
808-1,20110316,0.00028567347716057512
809-1,20110317,-0.01386749264256526
810-1,20110318,-0.016730859570419643
811-1,20110321,-0.0031095431416212627
812-1,20110322,-0.0082656876472353424
813-1,20110323,0.048728841438098414
814-1,20110324,0.019350240950532172
815-1,20110325,-0.02330358567788382
816-1,20110328,-0.0032476347894805357
817-1,20110329,0.0055771075661272818
818-1,20110330,-0.011779975095026263
819-1,20110331,0.0065164498854679564
820-1,20110401,-0.0010735374085242277
821-1,20110404,-0.017274383665816906
822-1,20110405,-0.0056160684559110052
823-1,20110406,-0.0071194167085919524
824-1,20110407,-0.0085956442172756553
825-1,20110408,-0.0062722346544545893
826-1,20110411,-0.012318184874042792
827-1,20110412,0.013797206057352351
828-1,20110413,-0.0040420990291805126
829-1,20110414,0.014013682248046777
830-1,20110415,0.010500234633866512
831-1,20110418,-0.00027921262222463383
832-1,20110419,0.0095814105212661538
833-1,20110420,0.0096658570262282417
834-1,20110421,0.005420067469338985
835-1,20110425,-0.0054112686155365353
836-1,20110426,-0.013834480785854808
837-1,20110427,0.010813838820295629
838-1,20110428,0.0092668965149091953
839-1,20110429,-0.019157674032932892
840-1,20110502,0.0062901889335966743
841-1,20110503,-0.005496029223377441
842-1,20110504,0.0071370053151444957
843-1,20110505,0.0026064902609004292
844-1,20110506,-0.012784071837033117
845-1,20110509,-0.010465532039661607
846-1,20110510,-0.0011034483878256118
847-1,20110511,-0.011111225425071147
848-1,20110512,0.018420297851319045
849-1,20110513,-0.0079879229306918376
850-1,20110516,-0.022776184890556106
851-1,20110517,0.0082562746575050028
852-1,20110518,0.032912781201734465
853-1,20110519,0.011917800864035044
854-1,20110520,-0.010323373397859825
855-1,20110523,0.01353051154298468
856-1,20110524,-0.0008258775417808728
857-1,20110525,-0.0055203010735613844
858-1,20110526,0.01437680278248088
859-1,20110527,0
860-1,20110531,0.00081599351732952741
861-1,20110601,-0.017089721323582996
862-1,20110602,-0.0019463373306827236
863-1,20110603,-0.0079455582598191299
864-1,20110606,0.0042069897976295678
865-1,20110607,-0.00083460847799221582
866-1,20110608,-0.0020959974137504389
867-1,20110609,-0.0064543510160470774
868-1,20110610,-0.010483167261037707
869-1,20110613,-0.0062857349816582975
870-1,20110614,0.0032677446141162747
871-1,20110615,0.002440601311954893
872-1,20110616,0.010010093595100411
873-1,20110617,-0.0026773777707163049
874-1,20110620,0.014336155581103238
875-1,20110621,0.021186650228156356
876-1,20110622,0.018135562685245521
877-1,20110623,0.023063505523579497
878-1,20110624,-0.0077344031383521639
879-1,20110627,0.020482163025608457
880-1,20110628,0.033545850908491825
881-1,20110629,0.0049577423100992668
882-1,20110630,-0.0053037123945869347
883-1,20110701,0.013527260380252759
884-1,20110705,0.01947553236006172
885-1,20110706,-0.0093573694346411607
886-1,20110707,0.011725218526889236
887-1,20110708,0.011964250391770737
888-1,20110711,-0.0062711857350561395
889-1,20110712,-0.0068001773190644599
890-1,20110713,-0.0057927375180111262
891-1,20110714,-0.010423381520149544
892-1,20110715,0.016466489853579791
893-1,20110718,-0.003041056575779244
894-1,20110719,0.013350999985524581
895-1,20110720,-0.0092465984314227256
896-1,20110721,0.009950330853168321
897-1,20110722,-0.00099132597957263258
898-1,20110725,0.0074534506545811396
899-1,20110726,-0.0071933833684085791
900-1,20110727,-0.042329710309183088
901-1,20110728,0.0031306769042678262
902-1,20110729,0.0057564919316557273
903-1,20110801,-0.016698207300762213
904-1,20110802,-0.022040871742356138
905-1,20110803,0.016945206485897035
906-1,20110804,-0.048144711361894466
907-1,20110805,-0.013118045980298199
908-1,20110808,-0.055688905860588722
909-1,20110809,0.045740113281431238
910-1,20110810,-0.015703391928449939
911-1,20110811,0.057999330012085792
912-1,20110812,0.005099997633188913
913-1,20110815,0.025424540113430094
914-1,20110816,0.018032531174333233
915-1,20110817,-0.0074656029587698569
916-1,20110818,-0.068235117663123734
917-1,20110819,0.01002155846101882
918-1,20110822,-0.030762973323704479
919-1,20110823,0.036892271394917575
920-1,20110824,0.023823541438970697
921-1,20110825,-0.028025932293350042
922-1,20110826,0.030679751125675114
923-1,20110829,0.008978143223224766
924-1,20110830,0.013602093051943598
925-1,20110831,-0.0015515906914189692
926-1,20110901,-0.01853224812892762
927-1,20110902,-0.0039930839693580467
928-1,20110906,0.032988518058270522
929-1,20110907,0.025589403511505182
930-1,20110908,0.0025726795769402955
931-1,20110909,-0.034379414788160645
932-1,20110912,0.022153017096341099
933-1,20110913,0.012386507027335902
934-1,20110914,0.0012981956905657732
935-1,20110915,0.0037153332084987056
936-1,20110916,0
937-1,20110919,0.056743947530840444
938-1,20110920,0.00024351637767994205
939-1,20110921,-0.028665169981121785
940-1,20110922,-0.0095373838032695168
941-1,20110923,0.0059608832715323246
942-1,20110926,0.015619838782639395
943-1,20110927,-0.007867664686286524
944-1,20110928,-0.013855870998658038
945-1,20110929,-0.053846403692299205
946-1,20110930,-0.0069481840194143274
947-1,20111003,-0.017525092555380706
948-1,20111004,0.045599770171177223
949-1,20111005,0.015089631120182911
950-1,20111006,0.011494379425735168
951-1,20111007,0.015012792389185403
952-1,20111010,0.026747508367028328
953-1,20111011,0.017574286825434271
954-1,20111012,-0.0019249284095845809
955-1,20111013,-0.0013379555605363969
956-1,20111014,0.015037877364540542
957-1,20111017,-0.016624885969635628
958-1,20111018,0.031102985634277491
959-1,20111019,-0.025586720479340297
960-1,20111020,-0.00097537193784846821
961-1,20111021,0.011710015515261407
962-1,20111024,0.0077876499776836638
963-1,20111025,-0.027470973847783409
964-1,20111026,-0.0086580627431143142
965-1,20111027,0.013322623135648026
966-1,20111028,-0.0082015691134174062
967-1,20111031,0.0020098132910577604
968-1,20111101,-0.0022411348306499157
969-1,20111102,-0.014341915005410044
970-1,20111103,-0.0026534812336787006
971-1,20111104,0.029160601380150641
972-1,20111107,0.0074872726404531242
973-1,20111108,-0.0015771097106931364
974-1,20111109,-0.011804326398018983
975-1,20111110,0.0066859038681466032
976-1,20111111,0.010200700488022907
977-1,20111114,-0.011500269075297886
978-1,20111115,0.015683453512007617
979-1,20111116,-0.010522152927389339
980-1,20111117,-0.016739751964263583
981-1,20111118,-0.0014268730125999163
982-1,20111121,0.012062872449275286
983-1,20111122,0.021999930801863243
984-1,20111123,-0.017657055934484855
985-1,20111125,-0.0041539461075030815
986-1,20111128,0.00047824008563335241
987-1,20111129,0.0037977733754503973
988-1,20111130,0.0049570681943063022
989-1,20111201,0.0087537992762487526
990-1,20111202,-0.0019343466235124396
991-1,20111205,-0.0019205790233911557
992-1,20111206,-0.010006906339025345
993-1,20111207,0.0084697770834840647
994-1,20111208,-0.013208395015794405
995-1,20111209,0.019752594433675608
996-1,20111212,0.0093597304680113069
997-1,20111213,-0.0204320388172059
998-1,20111214,-0.0074023007442400868
999-1,20111215,-0.00069068726125554036
1000-1,20111216,-0.0059619529956131956
1001-1,20111219,-0.0053717484448290165
1002-1,20111220,0.021289319458663858
1003-1,20111221,0.0039867162438214088
1004-1,20111222,-0.0042133336528684673
1005-1,20111223,0.0079540852413204632
1006-1,20111227,0.01138366058353979
1007-1,20111228,-0.011947573421117852
1008-1,20111229,0.0068060544689991787
1009-1,20111230,-0.0095156427350429063
1010-1,20120103,-0.033188166855231849
1011-1,20120104,0.018573679363131035
1012-1,20120105,0.0047567657259435236
1013-1,20120106,0.0083772372631449876
1014-1,20120109,-0.0029991453500466392
1015-1,20120110,-0.0040507463980792302
1016-1,20120111,0.0087374024156678942
1017-1,20120112,0.0056860214266292175
1018-1,20120113,-0.0023184750610982796
1019-1,20120117,-0.0039744848888538797
1020-1,20120118,0.0035457331965060845
1021-1,20120119,0.00062506513130022867
1022-1,20120120,0.0054132965836961588
1023-1,20120123,-0.017176794325977962
1024-1,20120124,0.0087456434360064783
1025-1,20120125,-0.0052197633912367536
1026-1,20120126,0.0060159915909805406
1027-1,20120127,-0.0012531329960672188
1028-1,20120130,0.022318164847032307
1029-1,20120131,-0.012443130268655178
1030-1,20120201,-0.0022781411944565733
1031-1,20120202,-0.011476390956343785
1032-1,20120203,0.0072697381125870209
1033-1,20120206,0.0026968173174757304
1034-1,20120207,0.003102701837510935
1035-1,20120208,0.0070031182197602959
1036-1,20120209,0.0073424763890947986
1037-1,20120210,0.00081984017709491042
1038-1,20120213,0.0030509532462916766
1039-1,20120214,0.0038755785378548069
1040-1,20120215,-0.012705088933892217
1041-1,20120216,0.003509137670532958
1042-1,20120217,-0.0047359297825511071
1043-1,20120221,-0.0029994333910927651
1044-1,20120222,0.001035089627662078
1045-1,20120223,0.0012391575315477965
1046-1,20120224,-0.0018612351562703466
1047-1,20120227,0.0020755507658622996
1048-1,20120228,0.014418375424271712
1049-1,20120229,-0.0055424549147655711
1050-1,20120301,0.0004106776238419485
1051-1,20120302,0.0022529451413788593
1052-1,20120305,0.0062375579301372497
1053-1,20120306,-0.0063937518009189453
1054-1,20120307,0.021642331036556328
1055-1,20120308,0.012991089069565032
1056-1,20120309,0.0010619299158873829
1057-1,20120312,-0.014950283310368739
1058-1,20120313,0.018901237720294173
1059-1,20120314,0.013090818065364385
1060-1,20120315,0.004248696378493122
1061-1,20120316,0.00046994690464963185
1062-1,20120319,0.0097580057447190782
1063-1,20120320,0.0044759492853843064
1064-1,20120321,-0.0011139993725395314
1065-1,20120322,0.02754995176823094
1066-1,20120323,-0.0023459362919853177
1067-1,20120326,0.0061019571959679553
1068-1,20120327,0.0057030986872526057
1069-1,20120328,-0.0032969510817979497
1070-1,20120329,-0.0016139158887371607
1071-1,20120330,-0.0048624992646191245
1072-1,20120402,0.011004725896822443
1073-1,20120403,0.0039617959113735779
1074-1,20120404,-0.0061258614599255523
1075-1,20120405,0.018218600548491892
1076-1,20120409,0.0034873618604152057
1077-1,20120410,-0.016936240695229365
1078-1,20120411,0.032058972474225733
1079-1,20120412,0.021681970112558346
1080-1,20120413,0.022382569968195654
1081-1,20120416,-0.038317603815676726
1082-1,20120417,-0.021756486789032969
1083-1,20120418,0.022041537621988461
1084-1,20120419,-0.026348226669736796
1085-1,20120420,0.00076087419657522304
1086-1,20120423,-0.0022174849171863187
1087-1,20120424,-0.015724131868512181
1088-1,20120425,0.013191464754362947
1089-1,20120426,0.012522450819726139
1090-1,20120427,-0.0143489366550833
1091-1,20120430,-0.00087115607913812454
1092-1,20120501,0.0029521598240167535
1093-1,20120502,0.0064086129095697331
1094-1,20120503,-0.015411863721031871
1095-1,20120504,-0.0091390296510027724
1096-1,20120507,0.0061471898509806167
1097-1,20120508,-0.01683787950191995
1098-1,20120509,0.010212696692423862
1099-1,20120510,0.0025554453990475068
1100-1,20120511,0.0071155198958923194
1101-1,20120514,-0.017182870796188521
1102-1,20120515,-0.0095194372623579326
1103-1,20120516,-0.01087986721587697
1104-1,20120517,-0.028324021878352923
1105-1,20120518,-0.011576436439881821
1106-1,20120521,0.037955220000435386
1107-1,20120522,-0.0080186909847932419
1108-1,20120523,0.024349029010286127
1109-1,20120524,-0.020429165692150697
1110-1,20120525,-0.0067611038733383921
1111-1,20120529,0.010492136772106697
1112-1,20120530,-0.0029202429951498132
1113-1,20120531,0.0023711821415499656
1114-1,20120601,-0.019004752911534251
1115-1,20120604,0.035508924160424282
1116-1,20120605,0.0011454754975290804
1117-1,20120606,0.0090090699423663878
1118-1,20120607,-0.012926204065295099
1119-1,20120608,0.012959144642505471
1120-1,20120611,-0.024584123554005632
1121-1,20120612,0.0018878616141244642
1122-1,20120613,-0.028650296472001013
1123-1,20120614,0.017740534687823661
1124-1,20120615,0.013415302764255177
1125-1,20120618,0.034359899340403288
1126-1,20120619,0.0067352580087929326
1127-1,20120620,0.0067631801143930304
1128-1,20120621,-0.031667796373467283
1129-1,20120622,0.0056001982487523527
1130-1,20120625,-0.016753928740899759
1131-1,20120626,0.010256500167189042
1132-1,20120627,-0.023146795475730286
1133-1,20120628,-0.0086017925002934703
1134-1,20120629,0.0031933905225511872
1135-1,20120702,-0.011114365140853621
1136-1,20120703,-0.0090948882142498633
1137-1,20120705,0.0074720148387008578
1138-1,20120706,-0.0024978397077792813
1139-1,20120709,0.012095760413186607
1140-1,20120710,-0.008943071686581483
1141-1,20120711,-0.00076672420854029255
1142-1,20120712,0.020897999789599275
1143-1,20120713,0.021773799549560824
1144-1,20120716,-0.010532352393165745
1145-1,20120717,0.0080366753463456675
1146-1,20120718,0.010564142766312568
1147-1,20120719,0.015432118099746983
1148-1,20120720,-0.025457301814319155
1149-1,20120723,-0.0082693914825067161
1150-1,20120724,0.00059388302250296121
1151-1,20120725,-0.0022782437668520394
1152-1,20120726,0.013252858910417942
1153-1,20120727,0.013573909367776249
1154-1,20120730,-0.012506787294469301
1155-1,20120731,-0.03526267168275643
1156-1,20120801,-0.038341205620774144
1157-1,20120802,-0.011060020574936047
1158-1,20120803,0.00045578852202021736
1159-1,20120806,-0.016427474141947673
1160-1,20120807,0.032995923400802152
1161-1,20120808,0.00044150111092422506
1162-1,20120809,-0.0094892028380582083
1163-1,20120810,0.0070484873310614482
1164-1,20120813,0.0084884610240774094
1165-1,20120814,-0.0012911557636199333
1166-1,20120815,0.028040205373920823
1167-1,20120816,0.0063209370603192205
1168-1,20120817,-0.0067187187466584142
1169-1,20120820,-0.0051894252422255427
1170-1,20120821,-0.0054976540106994598
1171-1,20120822,0.0014557556901766411
1172-1,20120823,-0.0047911767519597248
1173-1,20120824,0.020123072964894018
1174-1,20120827,0.0026495480699306739
1175-1,20120828,0.0073200814865059805
1176-1,20120829,-0.0054761317255871411
1177-1,20120830,0.0048387191182235334
1178-1,20120831,-0.0080321716972640012
1179-1,20120904,0.0010104072800611874
1180-1,20120905,0.0044265665841494162
1181-1,20120906,0.01137443646386993
1182-1,20120907,0.0040143001966246317
1183-1,20120910,-0.0066666913581894249
1184-1,20120911,-0.0054062155558836089
1185-1,20120912,0.0017600473889363144
1186-1,20120913,0.010884461198422901
1187-1,20120914,-0.028363759598213356
1188-1,20120917,-0.0064257249209704881
1189-1,20120918,-0.0064790670058876287
1190-1,20120919,0.014874646110834
1191-1,20120920,0.027824954661859191
1192-1,20120921,-0.006437162577165978
1193-1,20120924,0.0059789445447449019
1194-1,20120925,-0.015123532872906686
1195-1,20120926,-0.0085445129884149651
1196-1,20120927,0.013809649329364682
1197-1,20120928,0.0032587793614786698
1198-1,20121001,-0.01543362648856883
1199-1,20121002,-0.021575268677358039
1200-1,20121003,-0.0020185715372478263
1201-1,20121004,-0.016060140147735158
1202-1,20121005,-0.01527680183797564
1203-1,20121008,0.0028753357250934641
1204-1,20121009,-0.029651066877087739
1205-1,20121010,-0.016689940594927677
1206-1,20121011,-0.00063593006912610051
1207-1,20121012,-0.0082322364646612023
1208-1,20121015,0.0046784325877964328
1209-1,20121016,0.019327011768267344
1210-1,20121017,-0.0084371320538743078
1211-1,20121018,-0.022313510480001408
1212-1,20121019,-0.026783458437519947
1213-1,20121022,-0.0090120403320366194
1214-1,20121023,0.0017805479887749165
1215-1,20121024,0.00038683651113791129
1216-1,20121025,0.0044418035219657703
1217-1,20121026,-0.0034820492200697828
1218-1,20121031,0.0010896808313725082
1219-1,20121101,0.014642182872896647
1220-1,20121102,0.0078989352245346645
1221-1,20121105,0.0041253373503988833
1222-1,20121106,0.012446679548224093
1223-1,20121107,0.011066999664420596
1224-1,20121108,-0.015219805984468149
1225-1,20121109,0.00088300226487803002
1226-1,20121112,-0.0068809865522765357
1227-1,20121113,0.001591406741273893
1228-1,20121114,-0.023473356185641947
1229-1,20121115,-0.012723340118043325
1230-1,20121116,-0.0017417144918350225
1231-1,20121119,0.016003582716697995
1232-1,20121120,0.0074200681360063747
1233-1,20121121,0.010346292054144612
1234-1,20121123,0.011597181575181637
1235-1,20121126,0.0015735644474306199
1236-1,20121127,-0.012857461269913273
1237-1,20121128,0.023243118443429189
1238-1,20121129,0.00096571711995885323
1239-1,20121130,0.0089130603622815663
1240-1,20121203,-0.0067353280695559015
1241-1,20121204,-0.010314385496368317
1242-1,20121205,-0.024495781569167097
1243-1,20121206,0.04250295100351531
1244-1,20121207,0.003736925125998436
1245-1,20121210,-0.012574060760397465
1246-1,20121211,-0.0012208293764031097
1247-1,20121212,0.001494210214501912
1248-1,20121213,-0.0062813687989113909
1249-1,20121214,0.0035657352221520888
1250-1,20121217,0.01998216347045334
1251-1,20121218,-0.00422367719993888
1252-1,20121219,-0.0034948991702998811
1253-1,20121220,-0.005516748085001133
1254-1,20121221,0.010314203016764445
1255-1,20121224,0.0059802084409752432
1256-1,20121226,-0.0093686276396347523
1257-1,20121227,0.0031509420101936136
1258-1,20121228,-0.0030354794698372878
1259-1,20121231,0.023574877749711121
1260-1,20130102,0.0070246149369648236
1261-1,20130103,0.0057960676661865662
1262-1,20130104,0.00067350652479714057
1263-1,20130107,0.0044943895878395423
1264-1,20130108,-0.00017977528138324317
1265-1,20130109,-0.021549045700549385
1266-1,20130110,-0.0047558165365275684
1267-1,20130111,-0.0025417588121445789
1268-1,20130114,-0.0069280131251661103
1269-1,20130115,-0.0020170539524095865
1270-1,20130116,0.0036873198120463968
1271-1,20130117,-0.0043940019433343913
1272-1,20130118,0.0043891804187632388
1273-1,20130122,0.0053795434042163137
1274-1,20130123,-0.0080483331828280491
1275-1,20130124,-0.0053011731860328482
1276-1,20130125,0.0042328105526205917
1277-1,20130128,-0.016994567270563365
1278-1,20130129,-0.0032327614360845303
1279-1,20130130,0.0052808357227229763
1280-1,20130131,0.0047323629548072788
1281-1,20130201,0.0046287194987355562
1282-1,20130204,-0.0040921683295405131
1283-1,20130205,-0.0016001425762892652
1284-1,20130206,0.0026797693571154468
1285-1,20130207,-0.0026821652199400248
1286-1,20130208,0.0089127149705756636
1287-1,20130211,-0.0064817097071010465
1288-1,20130212,0.0048115569972217997
1289-1,20130213,-0.011176285712850564
1290-1,20130214,0.00054029717658288234
1291-1,20130215,-0.024005517158121936
1292-1,20130219,-0.00091785229022889325
1293-1,20130220,-0.023006580596198312
1294-1,20130221,0.0052631700442744567
1295-1,20130222,0.0088081789630525265
1296-1,20130225,-0.020089961390346467
1297-1,20130226,-0.0029985029962564802
1298-1,20130227,0.024862134013474702
1299-1,20130228,0.004204375080973044
1300-1,20130301,0.0042924400351358472
1301-1,20130304,0.017199663612475824
1302-1,20130305,0.0079950679051101758
1303-1,20130306,0.0076473804770529341
1304-1,20130307,0.019589774414481731
1305-1,20130308,-0.0001704593884630512
1306-1,20130311,0.0019643854802966487
1307-1,20130312,-0.003255378528116637
1308-1,20130313,0.0047912480431406834
1309-1,20130314,-0.015314762025735007
1310-1,20130315,0.0043870197409763279
1311-1,20130318,-0.0012288248715597305
1312-1,20130319,0.0045871640069057307
1313-1,20130320,0.0034450462522404024
1314-1,20130321,-0.0045908744252036726
1315-1,20130322,0.0012206819895732579
1316-1,20130325,-0.017315692804841909
1317-1,20130326,0.001579086212848857
1318-1,20130327,0.001230553025106218
1319-1,20130328,0.00017563888690119711
1320-1,20130401,-0.003555208168922519
1321-1,20130402,0.019236361290468906
1322-1,20130403,-0.011459221590572888
1323-1,20130404,0.0072551708811721127
1324-1,20130405,0.010786465053806538
1325-1,20130408,0.0041393643098768251
1326-1,20130409,-0.010226278562828206
1327-1,20130410,0.0027729653817072375
1328-1,20130411,0.010293451668347942
1329-1,20130412,0.0076472460363978811
1330-1,20130415,-0.018109751246861983
1331-1,20130416,0.009438079497306795
1332-1,20130417,0.00258197922941239
1333-1,20130418,-0.010510995366733056
1334-1,20130419,0.015533622660246493
1335-1,20130422,0.0041004670472668536
1336-1,20130423,0.0089656356293277284
1337-1,20130424,0.002174459332993095
1338-1,20130425,0.0086293266980543848
1339-1,20130426,0.01232461628365833
1340-1,20130429,0.0057942385434612831
1341-1,20130430,0.0036231923694201029
1342-1,20130501,-0.0072070891422066907
1343-1,20130502,0.0056469175134319372
1344-1,20130503,0.016955085007705151
1345-1,20130506,0.0088832306324801991
1346-1,20130507,-0.0041713521097994644
1347-1,20130508,0.00032051282325618047
1348-1,20130509,-0.0046388949860141082
1349-1,20130510,0.0093942256034464933
1350-1,20130513,-0.0047619137602437078
1351-1,20130514,0.010721947980409041
1352-1,20130515,0.011459194540436535
1353-1,20130516,-0.0070560857242085717
1354-1,20130517,0.0055514431637524453
1355-1,20130520,-0.0029717703891574132
1356-1,20130521,0.0024933782591940457
1357-1,20130522,-0.0003506926215148809
1358-1,20130523,-0.0025157245972469156
1359-1,20130524,0.0050641032421294696
1360-1,20130528,0.00093385220794406365
1361-1,20130529,-0.0023542347842777644
1362-1,20130530,-0.0067509480039822378
1363-1,20130531,-0.0026909394947844945
1364-1,20130603,0.0031570665527675956
1365-1,20130604,0.010477949488765681
1366-1,20130605,-0.0094182195102154864
1367-1,20130606,0.010529771827918921
1368-1,20130607,0.02522712416912043
1369-1,20130610,0.0072487461367281014
1370-1,20130611,-0.00030557677854226029
1371-1,20130612,-0.022252126616954193
1372-1,20130613,0.021763311067582336
1373-1,20130614,-0.0045634396200835425
1374-1,20130617,-0.0010595626511609169
1375-1,20130618,0.015166594495275021
1376-1,20130619,-0.0098877210064074461
1377-1,20130620,-0.011129011883393325
1378-1,20130621,-0.014501347453974134
1379-1,20130624,0
1380-1,20130625,0.003248513955831811
1381-1,20130626,0.0061759183758240965
1382-1,20130627,-0.0087905991957537566
1383-1,20130628,0
1384-1,20130701,0.0031748458144038594
1385-1,20130702,0.0085721255787536421
1386-1,20130703,0.012860951905588003
1387-1,20130705,-0.0036848740936124003
1388-1,20130708,0.0046240311390288724
1389-1,20130709,-0.010443768470029369
1390-1,20130710,0.0032348212298369816
1391-1,20130711,0.0094169475325367458
1392-1,20130712,0.0052512439485861151
1393-1,20130715,-0.0008608939479968214
1394-1,20130716,-0.0014371948435289994
1395-1,20130717,-0.02247285585205816
1396-1,20130718,0
1397-1,20130719,0.0034949795295995401
1398-1,20130722,-0.00050704430480408291
1399-1,20130723,-0.024094032577330893
1400-1,20130724,-0.019779066978821369
1401-1,20130725,0.01775719934369846
1402-1,20130726,0.0097241059328476709
1403-1,20130729,-0.0039942205846710266
1404-1,20130730,-0.013939912432699764
1405-1,20130731,-0.012552466071119817
1406-1,20130801,0.012947603379307893
1407-1,20130802,0.01015512078253078
1408-1,20130805,-0.0032731044388807362
1409-1,20130806,-0.012286843992651342
1410-1,20130807,-0.0019377168692784608
1411-1,20130808,0.0042585406757567057
1412-1,20130809,0.0028887839058908682
1413-1,20130812,0.0078474967329693612
1414-1,20130813,-0.0041208849525027347
1415-1,20130814,-0.0069338788417221409
1416-1,20130815,-0.008026516372351189
1417-1,20130816,-0.0014132280475331882
1418-1,20130819,-0.0046851792950901583
1419-1,20130820,0.0031179163580734581
1420-1,20130821,0.0046061804148971319
1421-1,20130822,0.011748386876914374
1422-1,20130823,-0.00083344913839678014
1423-1,20130826,-0.0022928618695390313
1424-1,20130827,-0.010991849136487986
1425-1,20130828,0.011977888694031158
1426-1,20130829,0.0063429629817921551
1427-1,20130830,-0.010295556705872677
1428-1,20130903,-0.0016049687685137926
1429-1,20130904,0.011433476475368742
1430-1,20130905,-0.0051919399450648385
1431-1,20130906,-0.011633489423347854
1432-1,20130909,0.0076214600194326465
1433-1,20130910,0.01670893998106493
1434-1,20130911,0.013756477370367115
1435-1,20130912,0.0022494220533495479
1436-1,20130913,-0.0013224016738018207
1437-1,20130916,-0.016607736399659956
1438-1,20130917,0.0093810557826250474
1439-1,20130918,0.018860480100327592
1440-1,20130919,-0.014753460336891955
1441-1,20130920,-0.0024280616975254077
1442-1,20130923,-0.010034412159841466
1443-1,20130924,0.011826681869327338
1444-1,20130925,-0.0065282905832724225
1445-1,20130926,0.0098946257069698618
1446-1,20130927,0.0044070064845298518
1447-1,20130930,0.0082154729533909787
1448-1,20131001,0.0024654524913021447
1449-1,20131002,0.0079350009844407765
1450-1,20131003,-0.0020143611216916213
1451-1,20131004,0.0077821404420550522
1452-1,20131007,0.0032583932380596536
1453-1,20131008,-0.01927802145271329
1454-1,20131009,-0.0021234248190982186
1455-1,20131010,0.011148532850393522
1456-1,20131011,0.0076095034109835424
1457-1,20131014,0.006808427610384804
1458-1,20131015,-0.014046902165874897
1459-1,20131016,0.01166212759946017
1460-1,20131017,0.0088027614414647459
1461-1,20131018,0.00088289089420445777
1462-1,20131021,0.0046035080510611337
1463-1,20131022,0.014315300166165557
1464-1,20131023,-0.00560574498179367
1465-1,20131024,-0.0040404095370050186
1466-1,20131025,0.002755512765558521
1467-1,20131028,-0.019122484813749452
1468-1,20131029,0.0056678783888290951
1469-1,20131030,0.0039662917638292328
1470-1,20131031,0.029737081147334976
1471-1,20131101,-0.013713229906947788
1472-1,20131104,-0.0045925730817106825
1473-1,20131105,0.021386904956638197
1474-1,20131106,-0.01577917883317248
1475-1,20131107,-0.028249937724930341
1476-1,20131108,0.020280632888583838
1477-1,20131111,-0.0038198555473067941
1478-1,20131112,-0.0034674957343518997
1479-1,20131113,0.028002576381454425
1480-1,20131114,-0.0044285962402970114
1481-1,20131115,0.0023426433252318191
1482-1,20131118,-0.0065582119608151856
1483-1,20131119,-0.0015003753752340643
1484-1,20131120,-0.0055062083803223416
1485-1,20131121,0.019124828608300781
1486-1,20131122,-0.0019646371741650626
1487-1,20131125,-0.008388896963141157
1488-1,20131126,0.0081311277113966796
1489-1,20131127,0.0026987258773782941
1490-1,20131129,-0.0019574266098230098
1491-1,20131202,-0.0060267078668605478
1492-1,20131203,-0.0033475947200258815
1493-1,20131204,-0.0067686395293318213
1494-1,20131205,0.0020716288522573123
1495-1,20131206,-0.0093406246085843136
1496-1,20131209,-0.0046305069909973184
1497-1,20131210,-0.020590279184653504
1498-1,20131211,-0.013457928305998124
1499-1,20131212,0.0037329359959619168
1500-1,20131213,-0.0061361900219969456
1501-1,20131216,0.0045886675074315875
1502-1,20131217,-0.0058974025846953992
1503-1,20131218,0.017400776665986051
1504-1,20131219,-0.01402944691739183
1505-1,20131220,0.0018043567210099809
1506-1,20131223,0.0048630758753622771
1507-1,20131224,0.0062536098129548634
1508-1,20131226,0.0039377631066495056
1509-1,20131227,-0.0089959428340025127
1510-1,20131230,-0.0034318432156945633
1511-1,20131231,-0.0012748599380909553
1512-1,20140102,-0.011595079662687802
1513-1,20140103,-0.0047967940552418042
1514-1,20140106,-0.010969031370573923
1515-1,20140107,0.0081866482828880649
1516-1,20140108,0.0099182883006552203
1517-1,20140109,-0.0051407387341741995
1518-1,20140110,0.0020621221381356136
1519-1,20140113,-0.029641514372359623
1520-1,20140114,0.0030530321716675246
1521-1,20140115,0.0087664932121827022
1522-1,20140116,-0.0083350353551434608
1523-1,20140117,-0.0022674234455992703
1524-1,20140121,-0.015629528615554555
1525-1,20140122,-0.0020359694850986543
1526-1,20140123,0.00013623050221944766
1527-1,20140124,0.0042746525149697234
1528-1,20140127,-0.012056408596754942
1529-1,20140128,-0.0084923338448676944
1530-1,20140129,-0.026819021455951386
1531-1,20140130,-0.0061018078654093699
1532-1,20140131,0.0033095125795687963
1533-1,20140203,-0.02823128350270121
1534-1,20140204,0.01555063792625333
1535-1,20140205,0.0054038811821301991
1536-1,20140206,0.023069880174965363
1537-1,20140207,0.0059604619704662909
1538-1,20140210,0.0050259780785912866
1539-1,20140211,-0.0064222859222518025
1540-1,20140212,-0.0080862974313573588
1541-1,20140213,0.015246871626075631
1542-1,20140214,0.0064179923468898892
1543-1,20140218,-0.012896471056963676
1544-1,20140219,-0.0044913311293814928
1545-1,20140220,0.001258567780123343
1546-1,20140221,-0.01545541261685468
1547-1,20140224,-0.0023401483595675288
1548-1,20140225,-0.026571273768395187
1549-1,20140226,0.011492768405064524
1550-1,20140227,0.0082064581844694118
1551-1,20140228,-0.010932134102812796
1552-1,20140303,0.00085190974909465922
1553-1,20140304,0.0024454160658056168
1554-1,20140305,-0.0095634389137888576
1555-1,20140306,0.011971218631191327
1556-1,20140307,0.00082158021874523257
1557-1,20140310,0.0058611222104953953
1558-1,20140311,0.014226518293661172
1559-1,20140312,0.012374584093811869
1560-1,20140313,-0.020079126814066761
1561-1,20140314,0.0024265312526399185
1562-1,20140317,-0.0085918101358464227
1563-1,20140318,0.0010728175898204739
1564-1,20140319,0.012193656715378864
1565-1,20140320,0.0092683908699298101
1566-1,20140321,-0.021287006460917191
1567-1,20140324,-0.015061511880388956
1568-1,20140325,-0.024362385891648408
1569-1,20140326,-0.016785590778977344
1570-1,20140327,0.0043698007538450767
1571-1,20140328,0.0040794182219370256
1572-1,20140331,-0.0086175257632490343
1573-1,20140401,0.0066445427186687667
1574-1,20140402,-0.0086510407067938999
1575-1,20140403,-0.0098040000966204133
1576-1,20140404,-0.024842569307690354
1577-1,20140407,-0.010591075487775825
1578-1,20140408,0.012739922442596807
1579-1,20140409,0.011796681108363849
1580-1,20140410,-0.032224699204391527
1581-1,20140411,-0.01845496437335914
1582-1,20140414,-0.0043184175358881305
1583-1,20140415,-0.015628131261242295
1584-1,20140416,0.018750772157530626
1585-1,20140417,-0.0052598031561608138
1586-1,20140421,0.0031975015696206199
1587-1,20140422,0.009464015832332251
1588-1,20140423,-0.012283952557650579
1589-1,20140424,-0.0093805378091484926
1590-1,20140425,-0.007668214640179194
1591-1,20140428,-0.014001908957357756
1592-1,20140429,-0.0078962621222249396
1593-1,20140430,-0.00014161297198445055
1594-1,20140501,0.0059230183031218075
1595-1,20140502,-0.010847468483779821
1596-1,20140505,0.0059397713877844538
1597-1,20140506,-0.015968403178731272
1598-1,20140507,-0.00064499948486229641
1599-1,20140508,-0.00050296390498072441
1600-1,20140509,0.0075698426174222178
1601-1,20140512,0.0071229893180904114
1602-1,20140513,0.0011248595111839066
1603-1,20140514,-0.013023966654125196
1604-1,20140515,-0.0054247099481754546
1605-1,20140516,0.013339207296116484
1606-1,20140519,0.0036676582233567956
1607-1,20140520,-0.0075182991206554917
1608-1,20140521,0.0015634997144227114
1609-1,20140522,0.01424465239702144
1610-1,20140523,-0.0037440243416568819
1611-1,20140527,0.013772580701609805
1612-1,20140528,-0.00040936072073272101
1613-1,20140529,-0.0055938477264900754
1614-1,20140530,0.00040975210571225773
1615-1,20140602,0.0081588703882875535
1616-1,20140603,0.0079865060718384839
1617-1,20140604,0.0098270966517706171
1618-1,20140605,0.0012052227772914037
1619-1,20140606,0.0043903483012934785
1620-1,20140609,-0.0014622800877468478
1621-1,20140610,-0.0077447309263165565
1622-1,20140611,0.0087266446267140196
1623-1,20140612,-0.0072747188665900353
1624-1,20140613,0.0092823697360628898
1625-1,20140616,0.006950041340973101
1626-1,20140617,0.0040581501324066238
1627-1,20140618,0.0051755141734837196
1628-1,20140619,0.0089103382924200503
1629-1,20140620,-0.012710936377128057
1630-1,20140623,0.0027406216175220877
1631-1,20140624,0.0077781050679659458
1632-1,20140625,0.013921338518607662
1633-1,20140626,0.00064073815224752195
1634-1,20140627,-0.00038488678389025921
1635-1,20140630,-0.0092617075732732701
1636-1,20140701,0.0035920500457446991
1637-1,20140702,0.0010236725142167558
1638-1,20140703,0.0090268237378845484
1639-1,20140707,-0.0042487143402079042
1640-1,20140708,0.00012728314151999598
1641-1,20140709,0.011265228936514937
1642-1,20140710,0.0046403795565019834
1643-1,20140711,-0.003682777671837556
1644-1,20140714,-0.0020343300086453908
1645-1,20140715,0.0033007520129180179
1646-1,20140716,-0.0040562864591056069
1647-1,20140717,-0.010687026326982263
1648-1,20140718,0.0043079957318816753
1649-1,20140721,-0.0036012900658093372
1650-1,20140722,0.0054759767527450265
1651-1,20140723,0.0062115937821909384
1652-1,20140724,0.010373148065640159
1653-1,20140725,0.0033078910569939168
1654-1,20140728,-0.0055994037874933511
1655-1,20140729,0.0024824174932556176
1656-1,20140730,-0.0012666246151926686
1657-1,20140731,-0.010626820445930996
1658-1,20140801,-0.0068622008130754253
1659-1,20140804,0.0033600445155652636
1660-1,20140805,-0.0045481203732569142
1661-1,20140806,0.0089850204050101468
1662-1,20140807,-0.0087603168851986268
1663-1,20140808,0.012707639883735133
1664-1,20140811,0.0020570848087082538
1665-1,20140812,-0.0021821457859987348
1666-1,20140813,-0.009791369129278138
1667-1,20140814,-0.011421279247128879
1668-1,20140815,-0.0019484321290486051
1669-1,20140818,0.0045210953455443459
1670-1,20140819,0.0041046748241315711
1671-1,20140820,-0.00076863954591388506
1672-1,20140821,-0.0063051099955488965
1673-1,20140822,-0.0030364722752400652
1674-1,20140825,0.0046922792183607953
1675-1,20140826,-0.0020533888118423604
1676-1,20140827,0.00012834499151281875
1677-1,20140828,0.0002570528900474045
1678-1,20140829,-0.0021827061371624268
1679-1,20140902,-0.0034139618974418084
1680-1,20140903,-0.0098497426701316115
1681-1,20140904,0.0016864504224072263
1682-1,20140905,0.0087606847350967243
1683-1,20140908,-0.0024432597507537679
1684-1,20140909,-0.0069128420779689392
1685-1,20140910,0.0013612058494603119
1686-1,20140911,-0.01136450086200913
1687-1,20140912,-0.0048253390384802586
1688-1,20140915,-0.004727511551333663
1689-1,20140916,0.0049402597305983065
1690-1,20140917,0.00053106745804765154
1691-1,20140918,0.0015197069230277194
1692-1,20140919,-0.00026281209086853607
1693-1,20140922,-0.017276177191869024
1694-1,20140923,-0.0083152863442270686
1695-1,20140924,0.010141533411616166
1696-1,20140925,-0.013401433482847835
1697-1,20140926,0.01548651605611262
1698-1,20140929,0.01018049814727906
1699-1,20140930,0.001857010747213117